{
  "type": "FeatureCollection",
  "features": [
    {
      "type": "Feature",
      "properties": {
        "名前": "新町地区線",
        "ステータス": "作業予定あり（直近の作業日程が予定されているもの）",
        "直近作業予定日": "2月12日 作業予定",
        "指令": "継続指令",
        "更新日時": "2月11日 19:00 現在",
        "最終除雪日": "2月11日",
        "最終除雪日時": "2026-02-11 06:34:15",
        "指令継続": "8日17時間",
        "指令開始日時": "2026-02-03 20:35:45"
      },
      "geometry": {
        "type": "LineString",
        "coordinates": [
          [
            140.737671,
            40.829099
          ],
          [
            140.737388,
            40.828649
          ],
          [
            140.737126,
            40.828243
          ],
          [
            140.737047,
            40.828143
          ],
          [
            140.736537,
            40.827627
          ]
        ]
      }
    },
    {
      "type": "Feature",
      "properties": {
        "名前": "新町地区線",
        "ステータス": "作業予定あり（直近の作業日程が予定されているもの）",
        "直近作業予定日": "2月12日 作業予定",
        "指令": "継続指令",
        "更新日時": "2月11日 19:00 現在",
        "最終除雪日": "2月11日",
        "最終除雪日時": "2026-02-11 06:34:15",
        "指令継続": "8日17時間",
        "指令開始日時": "2026-02-03 20:35:45"
      },
      "geometry": {
        "type": "LineString",
        "coordinates": [
          [
            140.739799,
            40.826503
          ],
          [
            140.739641,
            40.825641
          ],
          [
            140.739589,
            40.825256
          ],
          [
            140.739401,
            40.824477
          ],
          [
            140.739273,
            40.823969
          ]
        ]
      }
    },
    {
      "type": "Feature",
      "properties": {
        "名前": "新町地区線",
        "ステータス": "作業予定あり（直近の作業日程が予定されているもの）",
        "直近作業予定日": "2月12日 作業予定",
        "指令": "継続指令",
        "更新日時": "2月11日 19:00 現在",
        "最終除雪日": "2月11日",
        "最終除雪日時": "2026-02-11 06:34:15",
        "指令継続": "8日17時間",
        "指令開始日時": "2026-02-03 20:35:45"
      },
      "geometry": {
        "type": "LineString",
        "coordinates": [
          [
            140.735301,
            40.82937
          ],
          [
            140.737404,
            40.828627
          ],
          [
            140.738829,
            40.828157
          ],
          [
            140.740307,
            40.827783
          ],
          [
            140.741866,
            40.827593
          ],
          [
            140.743182,
            40.827381
          ],
          [
            140.744301,
            40.82717
          ],
          [
            140.744436,
            40.82702
          ],
          [
            140.745376,
            40.826966
          ],
          [
            140.745376,
            40.826979
          ]
        ]
      }
    },
    {
      "type": "Feature",
      "properties": {
        "名前": "新町地区線",
        "ステータス": "作業予定あり（直近の作業日程が予定されているもの）",
        "直近作業予定日": "2月12日 作業予定",
        "指令": "継続指令",
        "更新日時": "2月11日 19:00 現在",
        "最終除雪日": "2月11日",
        "最終除雪日時": "2026-02-11 06:34:15",
        "指令継続": "8日17時間",
        "指令開始日時": "2026-02-03 20:35:45"
      },
      "geometry": {
        "type": "LineString",
        "coordinates": [
          [
            140.738683,
            40.826783
          ],
          [
            140.738481,
            40.826198
          ],
          [
            140.738413,
            40.826012
          ],
          [
            140.738279,
            40.825596
          ],
          [
            140.738076,
            40.824928
          ],
          [
            140.737847,
            40.824129
          ]
        ]
      }
    },
    {
      "type": "Feature",
      "properties": {
        "名前": "新町地区線",
        "ステータス": "作業予定あり（直近の作業日程が予定されているもの）",
        "直近作業予定日": "2月12日 作業予定",
        "指令": "継続指令",
        "更新日時": "2月11日 19:00 現在",
        "最終除雪日": "2月11日",
        "最終除雪日時": "2026-02-11 06:34:15",
        "指令継続": "8日17時間",
        "指令開始日時": "2026-02-03 20:35:45"
      },
      "geometry": {
        "type": "LineString",
        "coordinates": [
          [
            140.736612,
            40.827568
          ],
          [
            140.736114,
            40.826737
          ],
          [
            140.735865,
            40.826326
          ],
          [
            140.735786,
            40.826183
          ],
          [
            140.735389,
            40.825525
          ],
          [
            140.734819,
            40.824637
          ]
        ]
      }
    },
    {
      "type": "Feature",
      "properties": {
        "名前": "新町地区線",
        "ステータス": "作業予定あり（直近の作業日程が予定されているもの）",
        "直近作業予定日": "2月12日 作業予定",
        "指令": "継続指令",
        "更新日時": "2月11日 19:00 現在",
        "最終除雪日": "2月11日",
        "最終除雪日時": "2026-02-11 06:34:15",
        "指令継続": "8日17時間",
        "指令開始日時": "2026-02-03 20:35:45"
      },
      "geometry": {
        "type": "LineString",
        "coordinates": [
          [
            140.735604,
            40.828706
          ],
          [
            140.735034,
            40.828892
          ],
          [
            140.735114,
            40.82903
          ]
        ]
      }
    },
    {
      "type": "Feature",
      "properties": {
        "名前": "新町地区線",
        "ステータス": "作業予定あり（直近の作業日程が予定されているもの）",
        "直近作業予定日": "2月12日 作業予定",
        "指令": "継続指令",
        "更新日時": "2月11日 19:00 現在",
        "最終除雪日": "2月11日",
        "最終除雪日時": "2026-02-11 06:34:15",
        "指令継続": "8日17時間",
        "指令開始日時": "2026-02-03 20:35:45"
      },
      "geometry": {
        "type": "LineString",
        "coordinates": [
          [
            140.735298,
            40.82937
          ],
          [
            140.735123,
            40.829037
          ],
          [
            140.735681,
            40.82883
          ],
          [
            140.735353,
            40.828141
          ],
          [
            140.735066,
            40.827753
          ],
          [
            140.734559,
            40.827922
          ],
          [
            140.734499,
            40.827835
          ],
          [
            140.734064,
            40.827045
          ],
          [
            140.733827,
            40.826611
          ],
          [
            140.733468,
            40.825887
          ],
          [
            140.7334,
            40.82563
          ],
          [
            140.733325,
            40.825074
          ],
          [
            140.733314,
            40.824854
          ]
        ]
      }
    },
    {
      "type": "Feature",
      "properties": {
        "名前": "新町地区線",
        "ステータス": "作業予定あり（直近の作業日程が予定されているもの）",
        "直近作業予定日": "2月12日 作業予定",
        "指令": "継続指令",
        "更新日時": "2月11日 19:00 現在",
        "最終除雪日": "2月11日",
        "最終除雪日時": "2026-02-11 06:34:15",
        "指令継続": "8日17時間",
        "指令開始日時": "2026-02-03 20:35:45"
      },
      "geometry": {
        "type": "LineString",
        "coordinates": [
          [
            140.734799,
            40.82785
          ],
          [
            140.735207,
            40.828582
          ]
        ]
      }
    },
    {
      "type": "Feature",
      "properties": {
        "名前": "新町地区線",
        "ステータス": "作業予定あり（直近の作業日程が予定されているもの）",
        "直近作業予定日": "2月12日 作業予定",
        "指令": "継続指令",
        "更新日時": "2月11日 19:00 現在",
        "最終除雪日": "2月11日",
        "最終除雪日時": "2026-02-11 06:34:15",
        "指令継続": "8日17時間",
        "指令開始日時": "2026-02-03 20:35:45"
      },
      "geometry": {
        "type": "LineString",
        "coordinates": [
          [
            140.734592,
            40.829752
          ],
          [
            140.734506,
            40.829694
          ],
          [
            140.734339,
            40.829369
          ],
          [
            140.734509,
            40.829312
          ],
          [
            140.734639,
            40.829532
          ],
          [
            140.734715,
            40.829575
          ]
        ]
      }
    },
    {
      "type": "Feature",
      "properties": {
        "名前": "新町地区線",
        "ステータス": "作業予定あり（直近の作業日程が予定されているもの）",
        "直近作業予定日": "2月12日 作業予定",
        "指令": "継続指令",
        "更新日時": "2月11日 19:00 現在",
        "最終除雪日": "2月11日",
        "最終除雪日時": "2026-02-11 06:34:15",
        "指令継続": "8日17時間",
        "指令開始日時": "2026-02-03 20:35:45"
      },
      "geometry": {
        "type": "LineString",
        "coordinates": [
          [
            140.741052,
            40.82499
          ],
          [
            140.741074,
            40.825096
          ],
          [
            140.741259,
            40.825824
          ],
          [
            140.741356,
            40.82622
          ]
        ]
      }
    },
    {
      "type": "Feature",
      "properties": {
        "名前": "新町地区線",
        "ステータス": "作業予定あり（直近の作業日程が予定されているもの）",
        "直近作業予定日": "2月12日 作業予定",
        "指令": "継続指令",
        "更新日時": "2月11日 19:00 現在",
        "最終除雪日": "2月11日",
        "最終除雪日時": "2026-02-11 06:34:15",
        "指令継続": "8日17時間",
        "指令開始日時": "2026-02-03 20:35:45"
      },
      "geometry": {
        "type": "LineString",
        "coordinates": [
          [
            140.737787,
            40.825621
          ],
          [
            140.738252,
            40.825527
          ],
          [
            140.739364,
            40.825314
          ],
          [
            140.740177,
            40.825182
          ],
          [
            140.741059,
            40.825031
          ],
          [
            140.743052,
            40.824752
          ],
          [
            140.743496,
            40.824675
          ],
          [
            140.744667,
            40.824476
          ],
          [
            140.745181,
            40.82439
          ]
        ]
      }
    },
    {
      "type": "Feature",
      "properties": {
        "名前": "新町地区線",
        "ステータス": "作業予定あり（直近の作業日程が予定されているもの）",
        "直近作業予定日": "2月12日 作業予定",
        "指令": "継続指令",
        "更新日時": "2月11日 19:00 現在",
        "最終除雪日": "2月11日",
        "最終除雪日時": "2026-02-11 06:34:15",
        "指令継続": "8日17時間",
        "指令開始日時": "2026-02-03 20:35:45"
      },
      "geometry": {
        "type": "LineString",
        "coordinates": [
          [
            140.745313,
            40.827742
          ],
          [
            140.744436,
            40.827762
          ],
          [
            140.743343,
            40.82796
          ],
          [
            140.741991,
            40.828171
          ],
          [
            140.740557,
            40.828382
          ],
          [
            140.739071,
            40.828722
          ],
          [
            140.738202,
            40.828954
          ],
          [
            140.736533,
            40.82952
          ],
          [
            140.736314,
            40.829121
          ]
        ]
      }
    },
    {
      "type": "Feature",
      "properties": {
        "名前": "新町地区線",
        "ステータス": "作業予定あり（直近の作業日程が予定されているもの）",
        "直近作業予定日": "2月12日 作業予定",
        "指令": "継続指令",
        "更新日時": "2月11日 19:00 現在",
        "最終除雪日": "2月11日",
        "最終除雪日時": "2026-02-11 06:34:15",
        "指令継続": "8日17時間",
        "指令開始日時": "2026-02-03 20:35:45"
      },
      "geometry": {
        "type": "LineString",
        "coordinates": [
          [
            140.743814,
            40.825733
          ],
          [
            140.743695,
            40.825445
          ],
          [
            140.743676,
            40.825393
          ],
          [
            140.743498,
            40.824751
          ]
        ]
      }
    },
    {
      "type": "Feature",
      "properties": {
        "名前": "新町地区線",
        "ステータス": "作業予定あり（直近の作業日程が予定されているもの）",
        "直近作業予定日": "2月12日 作業予定",
        "指令": "継続指令",
        "更新日時": "2月11日 19:00 現在",
        "最終除雪日": "2月11日",
        "最終除雪日時": "2026-02-11 06:34:15",
        "指令継続": "8日17時間",
        "指令開始日時": "2026-02-03 20:35:45"
      },
      "geometry": {
        "type": "LineString",
        "coordinates": [
          [
            140.741397,
            40.826346
          ],
          [
            140.741716,
            40.827205
          ],
          [
            140.74187,
            40.827642
          ],
          [
            140.742019,
            40.828152
          ],
          [
            140.742156,
            40.828703
          ]
        ]
      }
    },
    {
      "type": "Feature",
      "properties": {
        "名前": "新町地区線",
        "ステータス": "作業予定あり（直近の作業日程が予定されているもの）",
        "直近作業予定日": "2月12日 作業予定",
        "指令": "継続指令",
        "更新日時": "2月11日 19:00 現在",
        "最終除雪日": "2月11日",
        "最終除雪日時": "2026-02-11 06:34:15",
        "指令継続": "8日17時間",
        "指令開始日時": "2026-02-03 20:35:45"
      },
      "geometry": {
        "type": "LineString",
        "coordinates": [
          [
            140.740726,
            40.82884
          ],
          [
            140.740533,
            40.828369
          ],
          [
            140.740312,
            40.827798
          ],
          [
            140.740121,
            40.82731
          ],
          [
            140.740061,
            40.827145
          ],
          [
            140.740004,
            40.826971
          ],
          [
            140.739855,
            40.826657
          ],
          [
            140.739862,
            40.82665
          ]
        ]
      }
    },
    {
      "type": "Feature",
      "properties": {
        "名前": "新町地区線",
        "ステータス": "作業予定あり（直近の作業日程が予定されているもの）",
        "直近作業予定日": "2月12日 作業予定",
        "指令": "継続指令",
        "更新日時": "2月11日 19:00 現在",
        "最終除雪日": "2月11日",
        "最終除雪日時": "2026-02-11 06:34:15",
        "指令継続": "8日17時間",
        "指令開始日時": "2026-02-03 20:35:45"
      },
      "geometry": {
        "type": "LineString",
        "coordinates": [
          [
            140.740887,
            40.823753
          ],
          [
            140.740981,
            40.824366
          ],
          [
            140.741056,
            40.82499
          ]
        ]
      }
    },
    {
      "type": "Feature",
      "properties": {
        "名前": "新町地区線",
        "ステータス": "作業予定あり（直近の作業日程が予定されているもの）",
        "直近作業予定日": "2月12日 作業予定",
        "指令": "継続指令",
        "更新日時": "2月11日 19:00 現在",
        "最終除雪日": "2月11日",
        "最終除雪日時": "2026-02-11 06:34:15",
        "指令継続": "8日17時間",
        "指令開始日時": "2026-02-03 20:35:45"
      },
      "geometry": {
        "type": "LineString",
        "coordinates": [
          [
            140.734556,
            40.827917
          ],
          [
            140.734961,
            40.828669
          ],
          [
            140.735487,
            40.828488
          ]
        ]
      }
    },
    {
      "type": "Feature",
      "properties": {
        "名前": "新町地区線",
        "ステータス": "作業予定あり（直近の作業日程が予定されているもの）",
        "直近作業予定日": "2月12日 作業予定",
        "指令": "継続指令",
        "更新日時": "2月11日 19:00 現在",
        "最終除雪日": "2月11日",
        "最終除雪日時": "2026-02-11 06:34:15",
        "指令継続": "8日17時間",
        "指令開始日時": "2026-02-03 20:35:45"
      },
      "geometry": {
        "type": "LineString",
        "coordinates": [
          [
            140.734067,
            40.826887
          ],
          [
            140.734822,
            40.826618
          ],
          [
            140.735854,
            40.826243
          ],
          [
            140.736916,
            40.82586
          ],
          [
            140.737205,
            40.825766
          ],
          [
            140.737611,
            40.825661
          ]
        ]
      }
    },
    {
      "type": "Feature",
      "properties": {
        "名前": "新町地区線",
        "ステータス": "作業予定あり（直近の作業日程が予定されているもの）",
        "直近作業予定日": "2月12日 作業予定",
        "指令": "継続指令",
        "更新日時": "2月11日 19:00 現在",
        "最終除雪日": "2月11日",
        "最終除雪日時": "2026-02-11 06:34:15",
        "指令継続": "8日17時間",
        "指令開始日時": "2026-02-03 20:35:45"
      },
      "geometry": {
        "type": "LineString",
        "coordinates": [
          [
            140.739299,
            40.829176
          ],
          [
            140.739101,
            40.828717
          ],
          [
            140.738863,
            40.828172
          ],
          [
            140.738601,
            40.827676
          ],
          [
            140.738526,
            40.827518
          ],
          [
            140.738372,
            40.826968
          ]
        ]
      }
    },
    {
      "type": "Feature",
      "properties": {
        "名前": "新町地区線",
        "ステータス": "作業予定あり（直近の作業日程が予定されているもの）",
        "直近作業予定日": "2月12日 作業予定",
        "指令": "継続指令",
        "更新日時": "2月11日 19:00 現在",
        "最終除雪日": "2月11日",
        "最終除雪日時": "2026-02-11 06:34:15",
        "指令継続": "8日17時間",
        "指令開始日時": "2026-02-03 20:35:45"
      },
      "geometry": {
        "type": "LineString",
        "coordinates": [
          [
            140.744445,
            40.827759
          ],
          [
            140.744403,
            40.827537
          ],
          [
            140.744306,
            40.827157
          ],
          [
            140.743972,
            40.826144
          ],
          [
            140.74386,
            40.825852
          ]
        ]
      }
    },
    {
      "type": "Feature",
      "properties": {
        "名前": "本町地区線",
        "ステータス": "作業予定あり（直近の作業日程が予定されているもの）",
        "直近作業予定日": "2月11日 作業予定",
        "指令": "継続指令",
        "更新日時": "2月11日 19:00 現在",
        "最終除雪日": "2月11日",
        "最終除雪日時": "2026-02-11 06:34:15",
        "指令継続": "4日16時間",
        "指令開始日時": "2026-02-07 21:25:39"
      },
      "geometry": {
        "type": "LineString",
        "coordinates": [
          [
            140.75546,
            40.828172
          ],
          [
            140.755592,
            40.828695
          ],
          [
            140.755652,
            40.82887
          ]
        ]
      }
    },
    {
      "type": "Feature",
      "properties": {
        "名前": "本町地区線",
        "ステータス": "作業予定あり（直近の作業日程が予定されているもの）",
        "直近作業予定日": "2月11日 作業予定",
        "指令": "継続指令",
        "更新日時": "2月11日 19:00 現在",
        "最終除雪日": "2月11日",
        "最終除雪日時": "2026-02-11 06:34:15",
        "指令継続": "4日16時間",
        "指令開始日時": "2026-02-07 21:25:39"
      },
      "geometry": {
        "type": "LineString",
        "coordinates": [
          [
            140.750209,
            40.828754
          ],
          [
            140.750265,
            40.827864
          ],
          [
            140.750333,
            40.827037
          ],
          [
            140.750389,
            40.826144
          ],
          [
            140.750389,
            40.825451
          ],
          [
            140.750374,
            40.824069
          ],
          [
            140.75037,
            40.823496
          ]
        ]
      }
    },
    {
      "type": "Feature",
      "properties": {
        "名前": "本町地区線",
        "ステータス": "作業予定あり（直近の作業日程が予定されているもの）",
        "直近作業予定日": "2月11日 作業予定",
        "指令": "継続指令",
        "更新日時": "2月11日 19:00 現在",
        "最終除雪日": "2月11日",
        "最終除雪日時": "2026-02-11 06:34:15",
        "指令継続": "4日16時間",
        "指令開始日時": "2026-02-07 21:25:39"
      },
      "geometry": {
        "type": "LineString",
        "coordinates": [
          [
            140.745761,
            40.826985
          ],
          [
            140.746754,
            40.826968
          ],
          [
            140.747668,
            40.826968
          ],
          [
            140.749063,
            40.826979
          ],
          [
            140.750253,
            40.826992
          ],
          [
            140.750441,
            40.827009
          ],
          [
            140.751569,
            40.827028
          ],
          [
            140.753429,
            40.827045
          ],
          [
            140.754564,
            40.82707
          ],
          [
            140.756069,
            40.827094
          ],
          [
            140.757598,
            40.827129
          ],
          [
            140.758937,
            40.827154
          ],
          [
            140.759415,
            40.827165
          ],
          [
            140.759837,
            40.827232
          ]
        ]
      }
    },
    {
      "type": "Feature",
      "properties": {
        "名前": "本町地区線",
        "ステータス": "作業予定あり（直近の作業日程が予定されているもの）",
        "直近作業予定日": "2月11日 作業予定",
        "指令": "継続指令",
        "更新日時": "2月11日 19:00 現在",
        "最終除雪日": "2月11日",
        "最終除雪日時": "2026-02-11 06:34:15",
        "指令継続": "4日16時間",
        "指令開始日時": "2026-02-07 21:25:39"
      },
      "geometry": {
        "type": "LineString",
        "coordinates": [
          [
            140.745743,
            40.825525
          ],
          [
            140.747638,
            40.825491
          ],
          [
            140.749064,
            40.825467
          ],
          [
            140.750386,
            40.825441
          ],
          [
            140.751391,
            40.825495
          ],
          [
            140.752198,
            40.825547
          ],
          [
            140.753212,
            40.825607
          ],
          [
            140.75401,
            40.825659
          ],
          [
            140.754649,
            40.825707
          ],
          [
            140.755636,
            40.825696
          ],
          [
            140.75669,
            40.825681
          ],
          [
            140.758278,
            40.825647
          ],
          [
            140.759355,
            40.825628
          ],
          [
            140.760045,
            40.825633
          ],
          [
            140.760484,
            40.825679
          ]
        ]
      }
    },
    {
      "type": "Feature",
      "properties": {
        "名前": "本町地区線",
        "ステータス": "作業予定あり（直近の作業日程が予定されているもの）",
        "直近作業予定日": "2月11日 作業予定",
        "指令": "継続指令",
        "更新日時": "2月11日 19:00 現在",
        "最終除雪日": "2月11日",
        "最終除雪日時": "2026-02-11 06:34:15",
        "指令継続": "4日16時間",
        "指令開始日時": "2026-02-07 21:25:39"
      },
      "geometry": {
        "type": "LineString",
        "coordinates": [
          [
            140.754408,
            40.829091
          ],
          [
            140.754453,
            40.828201
          ],
          [
            140.75451,
            40.827099
          ],
          [
            140.754529,
            40.82704
          ],
          [
            140.754581,
            40.826461
          ],
          [
            140.75463,
            40.825733
          ],
          [
            140.754664,
            40.824662
          ],
          [
            140.754686,
            40.823847
          ]
        ]
      }
    },
    {
      "type": "Feature",
      "properties": {
        "名前": "本町地区線",
        "ステータス": "作業予定あり（直近の作業日程が予定されているもの）",
        "直近作業予定日": "2月11日 作業予定",
        "指令": "継続指令",
        "更新日時": "2月11日 19:00 現在",
        "最終除雪日": "2月11日",
        "最終除雪日時": "2026-02-11 06:34:15",
        "指令継続": "4日16時間",
        "指令開始日時": "2026-02-07 21:25:39"
      },
      "geometry": {
        "type": "LineString",
        "coordinates": [
          [
            140.758878,
            40.829453
          ],
          [
            140.758961,
            40.829345
          ],
          [
            140.759066,
            40.82904
          ],
          [
            140.759103,
            40.828854
          ],
          [
            140.759118,
            40.828763
          ],
          [
            140.759201,
            40.828483
          ],
          [
            140.759351,
            40.828123
          ],
          [
            140.759422,
            40.827978
          ],
          [
            140.759449,
            40.827145
          ],
          [
            140.759647,
            40.82648
          ],
          [
            140.760207,
            40.825864
          ],
          [
            140.760399,
            40.825656
          ],
          [
            140.760466,
            40.825576
          ],
          [
            140.760833,
            40.825131
          ],
          [
            140.761002,
            40.824917
          ],
          [
            140.761156,
            40.824698
          ],
          [
            140.761283,
            40.82446
          ],
          [
            140.76137,
            40.82432
          ]
        ]
      }
    },
    {
      "type": "Feature",
      "properties": {
        "名前": "本町地区線",
        "ステータス": "作業予定あり（直近の作業日程が予定されているもの）",
        "直近作業予定日": "2月11日 作業予定",
        "指令": "継続指令",
        "更新日時": "2月11日 19:00 現在",
        "最終除雪日": "2月11日",
        "最終除雪日時": "2026-02-11 06:34:15",
        "指令継続": "4日16時間",
        "指令開始日時": "2026-02-07 21:25:39"
      },
      "geometry": {
        "type": "LineString",
        "coordinates": [
          [
            140.747641,
            40.828714
          ],
          [
            140.747668,
            40.827747
          ],
          [
            140.747679,
            40.826977
          ],
          [
            140.747672,
            40.826154
          ],
          [
            140.747623,
            40.825331
          ],
          [
            140.747608,
            40.825125
          ],
          [
            140.747634,
            40.825051
          ],
          [
            140.747818,
            40.82484
          ],
          [
            140.747856,
            40.824608
          ],
          [
            140.747968,
            40.823815
          ],
          [
            140.748039,
            40.823348
          ],
          [
            140.748047,
            40.82327
          ]
        ]
      }
    },
    {
      "type": "Feature",
      "properties": {
        "名前": "本町地区線",
        "ステータス": "作業予定あり（直近の作業日程が予定されているもの）",
        "直近作業予定日": "2月11日 作業予定",
        "指令": "継続指令",
        "更新日時": "2月11日 19:00 現在",
        "最終除雪日": "2月11日",
        "最終除雪日時": "2026-02-11 06:34:15",
        "指令継続": "4日16時間",
        "指令開始日時": "2026-02-07 21:25:39"
      },
      "geometry": {
        "type": "LineString",
        "coordinates": [
          [
            140.760052,
            40.826489
          ],
          [
            140.759655,
            40.826461
          ],
          [
            140.759175,
            40.826449
          ],
          [
            140.758315,
            40.826407
          ],
          [
            140.75749,
            40.826363
          ],
          [
            140.756113,
            40.826312
          ],
          [
            140.755436,
            40.826304
          ],
          [
            140.754589,
            40.826423
          ],
          [
            140.75359,
            40.826472
          ],
          [
            140.752048,
            40.826272
          ],
          [
            140.750453,
            40.826138
          ],
          [
            140.749057,
            40.826138
          ],
          [
            140.747668,
            40.826152
          ],
          [
            140.746655,
            40.826209
          ],
          [
            140.745777,
            40.826264
          ]
        ]
      }
    },
    {
      "type": "Feature",
      "properties": {
        "名前": "本町地区線",
        "ステータス": "作業予定あり（直近の作業日程が予定されているもの）",
        "直近作業予定日": "2月11日 作業予定",
        "指令": "継続指令",
        "更新日時": "2月11日 19:00 現在",
        "最終除雪日": "2月11日",
        "最終除雪日時": "2026-02-11 06:34:15",
        "指令継続": "4日16時間",
        "指令開始日時": "2026-02-07 21:25:39"
      },
      "geometry": {
        "type": "LineString",
        "coordinates": [
          [
            140.756289,
            40.823964
          ],
          [
            140.756206,
            40.824814
          ],
          [
            140.756135,
            40.825639
          ],
          [
            140.75612,
            40.826318
          ],
          [
            140.756049,
            40.827088
          ],
          [
            140.756007,
            40.827687
          ],
          [
            140.756007,
            40.827722
          ],
          [
            140.755925,
            40.828153
          ]
        ]
      }
    },
    {
      "type": "Feature",
      "properties": {
        "名前": "本町地区線",
        "ステータス": "作業予定あり（直近の作業日程が予定されているもの）",
        "直近作業予定日": "2月11日 作業予定",
        "指令": "継続指令",
        "更新日時": "2月11日 19:00 現在",
        "最終除雪日": "2月11日",
        "最終除雪日時": "2026-02-11 06:34:15",
        "指令継続": "4日16時間",
        "指令開始日時": "2026-02-07 21:25:39"
      },
      "geometry": {
        "type": "LineString",
        "coordinates": [
          [
            140.757239,
            40.829131
          ],
          [
            140.757456,
            40.828549
          ],
          [
            140.757628,
            40.827913
          ],
          [
            140.757618,
            40.827844
          ],
          [
            140.757595,
            40.827168
          ],
          [
            140.757531,
            40.826412
          ],
          [
            140.757494,
            40.82585
          ],
          [
            140.757475,
            40.825622
          ],
          [
            140.757497,
            40.825539
          ],
          [
            140.757568,
            40.82482
          ],
          [
            140.757659,
            40.824058
          ]
        ]
      }
    },
    {
      "type": "Feature",
      "properties": {
        "名前": "本町地区線",
        "ステータス": "作業予定あり（直近の作業日程が予定されているもの）",
        "直近作業予定日": "2月11日 作業予定",
        "指令": "継続指令",
        "更新日時": "2月11日 19:00 現在",
        "最終除雪日": "2月11日",
        "最終除雪日時": "2026-02-11 06:34:15",
        "指令継続": "4日16時間",
        "指令開始日時": "2026-02-07 21:25:39"
      },
      "geometry": {
        "type": "LineString",
        "coordinates": [
          [
            140.759678,
            40.829034
          ],
          [
            140.759356,
            40.82897
          ],
          [
            140.75907,
            40.8289
          ],
          [
            140.757449,
            40.828532
          ],
          [
            140.755926,
            40.828192
          ],
          [
            140.75443,
            40.82811
          ],
          [
            140.753275,
            40.828049
          ],
          [
            140.751842,
            40.827932
          ],
          [
            140.751099,
            40.827892
          ],
          [
            140.750444,
            40.827857
          ],
          [
            140.75013,
            40.827842
          ],
          [
            140.749618,
            40.827809
          ],
          [
            140.749056,
            40.827783
          ],
          [
            140.74858,
            40.827757
          ],
          [
            140.748121,
            40.827744
          ],
          [
            140.747677,
            40.827729
          ],
          [
            140.746599,
            40.827737
          ],
          [
            140.745813,
            40.827728
          ]
        ]
      }
    },
    {
      "type": "Feature",
      "properties": {
        "名前": "合浦地区線",
        "ステータス": "現場確認中（現場確認中のもの）",
        "直近作業予定日": "-",
        "指令": "－",
        "更新日時": "2月11日 19:00 現在",
        "最終除雪日": "2月11日",
        "最終除雪日時": "2026-02-11 06:34:15"
      },
      "geometry": {
        "type": "LineString",
        "coordinates": [
          [
            140.774289,
            40.831624
          ],
          [
            140.774269,
            40.830986
          ],
          [
            140.774183,
            40.829569
          ],
          [
            140.774292,
            40.82912
          ],
          [
            140.775234,
            40.826215
          ],
          [
            140.775172,
            40.826178
          ]
        ]
      }
    },
    {
      "type": "Feature",
      "properties": {
        "名前": "合浦地区線",
        "ステータス": "現場確認中（現場確認中のもの）",
        "直近作業予定日": "-",
        "指令": "－",
        "更新日時": "2月11日 19:00 現在",
        "最終除雪日": "2月11日",
        "最終除雪日時": "2026-02-11 06:34:15"
      },
      "geometry": {
        "type": "LineString",
        "coordinates": [
          [
            140.763306,
            40.827552
          ],
          [
            140.762052,
            40.827477
          ],
          [
            140.760749,
            40.827436
          ],
          [
            140.759949,
            40.827249
          ]
        ]
      }
    },
    {
      "type": "Feature",
      "properties": {
        "名前": "合浦地区線",
        "ステータス": "現場確認中（現場確認中のもの）",
        "直近作業予定日": "-",
        "指令": "－",
        "更新日時": "2月11日 19:00 現在",
        "最終除雪日": "2月11日",
        "最終除雪日時": "2026-02-11 06:34:15"
      },
      "geometry": {
        "type": "LineString",
        "coordinates": [
          [
            140.760684,
            40.82568
          ],
          [
            140.761395,
            40.825798
          ],
          [
            140.761917,
            40.825788
          ],
          [
            140.762338,
            40.825809
          ],
          [
            140.762696,
            40.825857
          ],
          [
            140.762902,
            40.825904
          ],
          [
            140.763136,
            40.825999
          ],
          [
            140.763422,
            40.826149
          ],
          [
            140.764058,
            40.826469
          ],
          [
            140.764837,
            40.826797
          ],
          [
            140.765078,
            40.826885
          ],
          [
            140.765357,
            40.826926
          ],
          [
            140.76592,
            40.826994
          ],
          [
            140.768616,
            40.827184
          ]
        ]
      }
    },
    {
      "type": "Feature",
      "properties": {
        "名前": "合浦地区線",
        "ステータス": "現場確認中（現場確認中のもの）",
        "直近作業予定日": "-",
        "指令": "－",
        "更新日時": "2月11日 19:00 現在",
        "最終除雪日": "2月11日",
        "最終除雪日時": "2026-02-11 06:34:15"
      },
      "geometry": {
        "type": "LineString",
        "coordinates": [
          [
            140.775858,
            40.829448
          ],
          [
            140.774181,
            40.829609
          ],
          [
            140.772578,
            40.829763
          ],
          [
            140.768375,
            40.829567
          ],
          [
            140.765213,
            40.829436
          ],
          [
            140.760725,
            40.829158
          ],
          [
            140.759769,
            40.829073
          ]
        ]
      }
    },
    {
      "type": "Feature",
      "properties": {
        "名前": "合浦地区線",
        "ステータス": "現場確認中（現場確認中のもの）",
        "直近作業予定日": "-",
        "指令": "－",
        "更新日時": "2月11日 19:00 現在",
        "最終除雪日": "2月11日",
        "最終除雪日時": "2026-02-11 06:34:15"
      },
      "geometry": {
        "type": "LineString",
        "coordinates": [
          [
            140.760862,
            40.829159
          ],
          [
            140.760766,
            40.827449
          ],
          [
            140.760815,
            40.827016
          ],
          [
            140.760963,
            40.826553
          ],
          [
            140.761131,
            40.82621
          ],
          [
            140.761397,
            40.825799
          ],
          [
            140.762322,
            40.82459
          ]
        ]
      }
    },
    {
      "type": "Feature",
      "properties": {
        "名前": "合浦地区線",
        "ステータス": "現場確認中（現場確認中のもの）",
        "直近作業予定日": "-",
        "指令": "－",
        "更新日時": "2月11日 19:00 現在",
        "最終除雪日": "2月11日",
        "最終除雪日時": "2026-02-11 06:34:15"
      },
      "geometry": {
        "type": "LineString",
        "coordinates": [
          [
            140.767935,
            40.832345
          ],
          [
            140.768876,
            40.825355
          ]
        ]
      }
    },
    {
      "type": "Feature",
      "properties": {
        "名前": "合浦地区線",
        "ステータス": "現場確認中（現場確認中のもの）",
        "直近作業予定日": "-",
        "指令": "－",
        "更新日時": "2月11日 19:00 現在",
        "最終除雪日": "2月11日",
        "最終除雪日時": "2026-02-11 06:34:15"
      },
      "geometry": {
        "type": "LineString",
        "coordinates": [
          [
            140.775868,
            40.82944
          ],
          [
            140.774279,
            40.829178
          ]
        ]
      }
    },
    {
      "type": "Feature",
      "properties": {
        "名前": "合浦地区線",
        "ステータス": "現場確認中（現場確認中のもの）",
        "直近作業予定日": "-",
        "指令": "－",
        "更新日時": "2月11日 19:00 現在",
        "最終除雪日": "2月11日",
        "最終除雪日時": "2026-02-11 06:34:15"
      },
      "geometry": {
        "type": "LineString",
        "coordinates": [
          [
            140.774243,
            40.829178
          ],
          [
            140.772703,
            40.829035
          ],
          [
            140.771262,
            40.828936
          ],
          [
            140.768403,
            40.828702
          ],
          [
            140.76715,
            40.828596
          ],
          [
            140.766325,
            40.828498
          ],
          [
            140.765452,
            40.828339
          ],
          [
            140.764468,
            40.82809
          ],
          [
            140.763323,
            40.827552
          ],
          [
            140.762311,
            40.827014
          ],
          [
            140.761568,
            40.826694
          ],
          [
            140.761263,
            40.826585
          ],
          [
            140.760216,
            40.826507
          ]
        ]
      }
    },
    {
      "type": "Feature",
      "properties": {
        "名前": "長島地区線",
        "ステータス": "現場確認中（現場確認中のもの）",
        "直近作業予定日": "-",
        "指令": "－",
        "更新日時": "2月11日 19:00 現在",
        "最終除雪日": "2月11日",
        "最終除雪日時": "2026-02-11 06:34:15"
      },
      "geometry": {
        "type": "LineString",
        "coordinates": [
          [
            140.733816,
            40.823774
          ],
          [
            140.733955,
            40.823729
          ],
          [
            140.734473,
            40.823603
          ],
          [
            140.73537,
            40.823307
          ],
          [
            140.7362,
            40.823025
          ],
          [
            140.736361,
            40.822976
          ],
          [
            140.737213,
            40.822828
          ],
          [
            140.738466,
            40.822651
          ],
          [
            140.73933,
            40.822535
          ],
          [
            140.74052,
            40.822358
          ],
          [
            140.741777,
            40.822167
          ],
          [
            140.742647,
            40.822041
          ],
          [
            140.743384,
            40.821956
          ],
          [
            140.744066,
            40.821874
          ],
          [
            140.744735,
            40.8218
          ]
        ]
      }
    },
    {
      "type": "Feature",
      "properties": {
        "名前": "長島地区線",
        "ステータス": "現場確認中（現場確認中のもの）",
        "直近作業予定日": "-",
        "指令": "－",
        "更新日時": "2月11日 19:00 現在",
        "最終除雪日": "2月11日",
        "最終除雪日時": "2026-02-11 06:34:15"
      },
      "geometry": {
        "type": "LineString",
        "coordinates": [
          [
            140.733719,
            40.823714
          ],
          [
            140.73397,
            40.823421
          ],
          [
            140.73415,
            40.823264
          ],
          [
            140.734589,
            40.822928
          ],
          [
            140.734976,
            40.822666
          ],
          [
            140.73531,
            40.822474
          ],
          [
            140.735944,
            40.822099
          ],
          [
            140.736197,
            40.821939
          ],
          [
            140.736845,
            40.821566
          ],
          [
            140.737262,
            40.82132
          ],
          [
            140.737566,
            40.821141
          ],
          [
            140.738178,
            40.820771
          ],
          [
            140.738433,
            40.820648
          ],
          [
            140.738819,
            40.820477
          ],
          [
            140.73894,
            40.82042
          ],
          [
            140.73915,
            40.820324
          ],
          [
            140.739371,
            40.820229
          ],
          [
            140.739739,
            40.820075
          ],
          [
            140.740147,
            40.81995
          ],
          [
            140.740411,
            40.819881
          ],
          [
            140.740846,
            40.819784
          ],
          [
            140.741154,
            40.819725
          ],
          [
            140.741281,
            40.819708
          ],
          [
            140.741667,
            40.819654
          ],
          [
            140.742085,
            40.81959
          ],
          [
            140.742205,
            40.819582
          ],
          [
            140.74246,
            40.819562
          ],
          [
            140.743041,
            40.819534
          ],
          [
            140.743485,
            40.819522
          ],
          [
            140.743661,
            40.819514
          ],
          [
            140.743837,
            40.819522
          ]
        ]
      }
    },
    {
      "type": "Feature",
      "properties": {
        "名前": "長島地区線",
        "ステータス": "現場確認中（現場確認中のもの）",
        "直近作業予定日": "-",
        "指令": "－",
        "更新日時": "2月11日 19:00 現在",
        "最終除雪日": "2月11日",
        "最終除雪日時": "2026-02-11 06:34:15"
      },
      "geometry": {
        "type": "LineString",
        "coordinates": [
          [
            140.733234,
            40.824504
          ],
          [
            140.733576,
            40.823908
          ]
        ]
      }
    },
    {
      "type": "Feature",
      "properties": {
        "名前": "長島地区線",
        "ステータス": "現場確認中（現場確認中のもの）",
        "直近作業予定日": "-",
        "指令": "－",
        "更新日時": "2月11日 19:00 現在",
        "最終除雪日": "2月11日",
        "最終除雪日時": "2026-02-11 06:34:15"
      },
      "geometry": {
        "type": "LineString",
        "coordinates": [
          [
            140.736605,
            40.824091
          ],
          [
            140.736305,
            40.823096
          ],
          [
            140.736275,
            40.822976
          ],
          [
            140.736092,
            40.822398
          ],
          [
            140.735985,
            40.822105
          ],
          [
            140.735726,
            40.821537
          ],
          [
            140.735527,
            40.821155
          ],
          [
            140.735284,
            40.820594
          ]
        ]
      }
    },
    {
      "type": "Feature",
      "properties": {
        "名前": "中央地区線",
        "ステータス": "現場確認中（現場確認中のもの）",
        "直近作業予定日": "-",
        "指令": "－",
        "更新日時": "2月11日 19:00 現在",
        "最終除雪日": "2月11日",
        "最終除雪日時": "2026-02-11 06:34:15"
      },
      "geometry": {
        "type": "LineString",
        "coordinates": [
          [
            140.755818,
            40.814737
          ],
          [
            140.755277,
            40.81614
          ],
          [
            140.7551,
            40.816593
          ]
        ]
      }
    },
    {
      "type": "Feature",
      "properties": {
        "名前": "中央地区線",
        "ステータス": "現場確認中（現場確認中のもの）",
        "直近作業予定日": "-",
        "指令": "－",
        "更新日時": "2月11日 19:00 現在",
        "最終除雪日": "2月11日",
        "最終除雪日時": "2026-02-11 06:34:15"
      },
      "geometry": {
        "type": "LineString",
        "coordinates": [
          [
            140.744377,
            40.819545
          ],
          [
            140.744795,
            40.819562
          ],
          [
            140.745259,
            40.81962
          ],
          [
            140.745699,
            40.819688
          ],
          [
            140.746135,
            40.819762
          ],
          [
            140.746843,
            40.819904
          ],
          [
            140.747284,
            40.819995
          ],
          [
            140.747789,
            40.820095
          ],
          [
            140.748683,
            40.820298
          ],
          [
            140.749313,
            40.820429
          ],
          [
            140.749891,
            40.820545
          ],
          [
            140.750469,
            40.820669
          ]
        ]
      }
    },
    {
      "type": "Feature",
      "properties": {
        "名前": "中央地区線",
        "ステータス": "現場確認中（現場確認中のもの）",
        "直近作業予定日": "-",
        "指令": "－",
        "更新日時": "2月11日 19:00 現在",
        "最終除雪日": "2月11日",
        "最終除雪日時": "2026-02-11 06:34:15"
      },
      "geometry": {
        "type": "LineString",
        "coordinates": [
          [
            140.748074,
            40.823036
          ],
          [
            140.748172,
            40.822085
          ],
          [
            140.748187,
            40.821948
          ],
          [
            140.748138,
            40.821531
          ],
          [
            140.748101,
            40.820984
          ],
          [
            140.748086,
            40.820805
          ],
          [
            140.748086,
            40.820614
          ],
          [
            140.748112,
            40.82032
          ],
          [
            140.748127,
            40.820201
          ],
          [
            140.74815,
            40.819998
          ],
          [
            140.748176,
            40.819716
          ],
          [
            140.748187,
            40.81962
          ],
          [
            140.748191,
            40.819385
          ],
          [
            140.748221,
            40.818832
          ],
          [
            140.748228,
            40.818443
          ],
          [
            140.748243,
            40.818174
          ],
          [
            140.748239,
            40.818092
          ],
          [
            140.748224,
            40.817863
          ],
          [
            140.748179,
            40.817619
          ],
          [
            140.74806,
            40.81673
          ],
          [
            140.748026,
            40.816524
          ],
          [
            140.747958,
            40.816086
          ],
          [
            140.747912,
            40.815576
          ]
        ]
      }
    },
    {
      "type": "Feature",
      "properties": {
        "名前": "中央地区線",
        "ステータス": "現場確認中（現場確認中のもの）",
        "直近作業予定日": "-",
        "指令": "－",
        "更新日時": "2月11日 19:00 現在",
        "最終除雪日": "2月11日",
        "最終除雪日時": "2026-02-11 06:34:15"
      },
      "geometry": {
        "type": "LineString",
        "coordinates": [
          [
            140.743875,
            40.818286
          ],
          [
            140.744517,
            40.818166
          ],
          [
            140.745136,
            40.818157
          ],
          [
            140.745792,
            40.81816
          ],
          [
            140.747128,
            40.818151
          ],
          [
            140.748244,
            40.818163
          ],
          [
            140.748408,
            40.818172
          ],
          [
            140.748747,
            40.818183
          ],
          [
            140.749366,
            40.818208
          ],
          [
            140.749887,
            40.818234
          ],
          [
            140.750391,
            40.818248
          ],
          [
            140.750833,
            40.818277
          ]
        ]
      }
    },
    {
      "type": "Feature",
      "properties": {
        "名前": "中央地区線",
        "ステータス": "現場確認中（現場確認中のもの）",
        "直近作業予定日": "-",
        "指令": "－",
        "更新日時": "2月11日 19:00 現在",
        "最終除雪日": "2月11日",
        "最終除雪日時": "2026-02-11 06:34:15"
      },
      "geometry": {
        "type": "LineString",
        "coordinates": [
          [
            140.748064,
            40.816521
          ],
          [
            140.749302,
            40.816499
          ],
          [
            140.750106,
            40.81649
          ],
          [
            140.750728,
            40.816484
          ],
          [
            140.751058,
            40.816633
          ]
        ]
      }
    },
    {
      "type": "Feature",
      "properties": {
        "名前": "中央地区線",
        "ステータス": "現場確認中（現場確認中のもの）",
        "直近作業予定日": "-",
        "指令": "－",
        "更新日時": "2月11日 19:00 現在",
        "最終除雪日": "2月11日",
        "最終除雪日時": "2026-02-11 06:34:15"
      },
      "geometry": {
        "type": "LineString",
        "coordinates": [
          [
            140.755637,
            40.816769
          ],
          [
            140.751949,
            40.815939
          ]
        ]
      }
    },
    {
      "type": "Feature",
      "properties": {
        "名前": "中央地区線",
        "ステータス": "現場確認中（現場確認中のもの）",
        "直近作業予定日": "-",
        "指令": "－",
        "更新日時": "2月11日 19:00 現在",
        "最終除雪日": "2月11日",
        "最終除雪日時": "2026-02-11 06:34:15"
      },
      "geometry": {
        "type": "LineString",
        "coordinates": [
          [
            140.745192,
            40.821734
          ],
          [
            140.745541,
            40.821682
          ],
          [
            140.745925,
            40.821628
          ],
          [
            140.746289,
            40.821571
          ],
          [
            140.746667,
            40.821546
          ],
          [
            140.746941,
            40.821534
          ],
          [
            140.747211,
            40.821526
          ],
          [
            140.747534,
            40.82154
          ],
          [
            140.747819,
            40.821554
          ],
          [
            140.748371,
            40.821558
          ],
          [
            140.749407,
            40.821552
          ],
          [
            140.749729,
            40.821552
          ],
          [
            140.750342,
            40.8216
          ]
        ]
      }
    },
    {
      "type": "Feature",
      "properties": {
        "名前": "中央地区線",
        "ステータス": "現場確認中（現場確認中のもの）",
        "直近作業予定日": "-",
        "指令": "－",
        "更新日時": "2月11日 19:00 現在",
        "最終除雪日": "2月11日",
        "最終除雪日時": "2026-02-11 06:34:15"
      },
      "geometry": {
        "type": "LineString",
        "coordinates": [
          [
            140.751057,
            40.818285
          ],
          [
            140.753768,
            40.818406
          ],
          [
            140.754813,
            40.818626
          ]
        ]
      }
    },
    {
      "type": "Feature",
      "properties": {
        "名前": "中央地区線",
        "ステータス": "現場確認中（現場確認中のもの）",
        "直近作業予定日": "-",
        "指令": "－",
        "更新日時": "2月11日 19:00 現在",
        "最終除雪日": "2月11日",
        "最終除雪日時": "2026-02-11 06:34:15"
      },
      "geometry": {
        "type": "LineString",
        "coordinates": [
          [
            140.750676,
            40.820734
          ],
          [
            140.754631,
            40.821547
          ]
        ]
      }
    },
    {
      "type": "Feature",
      "properties": {
        "名前": "勝田地区線",
        "ステータス": "現場確認中（現場確認中のもの）",
        "直近作業予定日": "-",
        "指令": "－",
        "更新日時": "2月11日 19:00 現在",
        "最終除雪日": "2月5日",
        "最終除雪日時": "2026-02-05 06:23:52"
      },
      "geometry": {
        "type": "LineString",
        "coordinates": [
          [
            140.773758,
            40.818435
          ],
          [
            140.77272,
            40.818144
          ],
          [
            140.772115,
            40.81799
          ],
          [
            140.771187,
            40.817722
          ],
          [
            140.769794,
            40.817331
          ],
          [
            140.768029,
            40.816824
          ],
          [
            140.766864,
            40.816493
          ],
          [
            140.76617,
            40.816293
          ],
          [
            140.76546,
            40.816082
          ],
          [
            140.76525,
            40.816032
          ],
          [
            140.764682,
            40.815954
          ],
          [
            140.764051,
            40.815863
          ],
          [
            140.763987,
            40.815846
          ],
          [
            140.763495,
            40.815775
          ],
          [
            140.762875,
            40.815679
          ],
          [
            140.762304,
            40.815593
          ],
          [
            140.761361,
            40.815462
          ],
          [
            140.75966,
            40.815227
          ],
          [
            140.758372,
            40.815037
          ],
          [
            140.757827,
            40.814951
          ],
          [
            140.756684,
            40.81476
          ],
          [
            140.756486,
            40.814737
          ],
          [
            140.755839,
            40.814692
          ],
          [
            140.754668,
            40.814566
          ],
          [
            140.754198,
            40.814521
          ],
          [
            140.752767,
            40.814361
          ]
        ]
      }
    },
    {
      "type": "Feature",
      "properties": {
        "名前": "勝田地区線",
        "ステータス": "現場確認中（現場確認中のもの）",
        "直近作業予定日": "-",
        "指令": "－",
        "更新日時": "2月11日 19:00 現在",
        "最終除雪日": "2月5日",
        "最終除雪日時": "2026-02-05 06:23:52"
      },
      "geometry": {
        "type": "LineString",
        "coordinates": [
          [
            140.757701,
            40.82382
          ],
          [
            140.757806,
            40.823119
          ],
          [
            140.757866,
            40.822752
          ],
          [
            140.757956,
            40.822242
          ],
          [
            140.758084,
            40.821849
          ],
          [
            140.758223,
            40.821475
          ],
          [
            140.758365,
            40.821125
          ],
          [
            140.758539,
            40.820748
          ]
        ]
      }
    },
    {
      "type": "Feature",
      "properties": {
        "名前": "勝田地区線",
        "ステータス": "現場確認中（現場確認中のもの）",
        "直近作業予定日": "-",
        "指令": "－",
        "更新日時": "2月11日 19:00 現在",
        "最終除雪日": "2月5日",
        "最終除雪日時": "2026-02-05 06:23:52"
      },
      "geometry": {
        "type": "LineString",
        "coordinates": [
          [
            140.754721,
            40.823549
          ],
          [
            140.754744,
            40.822504
          ],
          [
            140.754774,
            40.821603
          ],
          [
            140.7548,
            40.820633
          ],
          [
            140.754815,
            40.819975
          ],
          [
            140.754842,
            40.819465
          ],
          [
            140.754842,
            40.819391
          ],
          [
            140.755052,
            40.818741
          ],
          [
            140.755374,
            40.817869
          ],
          [
            140.755822,
            40.81677
          ],
          [
            140.756436,
            40.815262
          ],
          [
            140.756631,
            40.814812
          ]
        ]
      }
    },
    {
      "type": "Feature",
      "properties": {
        "名前": "勝田地区線",
        "ステータス": "現場確認中（現場確認中のもの）",
        "直近作業予定日": "-",
        "指令": "－",
        "更新日時": "2月11日 19:00 現在",
        "最終除雪日": "2月5日",
        "最終除雪日時": "2026-02-05 06:23:52"
      },
      "geometry": {
        "type": "LineString",
        "coordinates": [
          [
            140.758524,
            40.820739
          ],
          [
            140.758944,
            40.819771
          ],
          [
            140.759555,
            40.818228
          ],
          [
            140.759773,
            40.817667
          ],
          [
            140.760228,
            40.816539
          ],
          [
            140.76055,
            40.815743
          ],
          [
            140.760685,
            40.815413
          ]
        ]
      }
    },
    {
      "type": "Feature",
      "properties": {
        "名前": "勝田地区線",
        "ステータス": "現場確認中（現場確認中のもの）",
        "直近作業予定日": "-",
        "指令": "－",
        "更新日時": "2月11日 19:00 現在",
        "最終除雪日": "2月5日",
        "最終除雪日時": "2026-02-05 06:23:52"
      },
      "geometry": {
        "type": "LineString",
        "coordinates": [
          [
            140.755818,
            40.816761
          ],
          [
            140.758095,
            40.817302
          ],
          [
            140.759761,
            40.817676
          ],
          [
            140.761294,
            40.818023
          ],
          [
            140.762603,
            40.818346
          ],
          [
            140.76356,
            40.818543
          ]
        ]
      }
    },
    {
      "type": "Feature",
      "properties": {
        "名前": "勝田地区線",
        "ステータス": "現場確認中（現場確認中のもの）",
        "直近作業予定日": "-",
        "指令": "－",
        "更新日時": "2月11日 19:00 現在",
        "最終除雪日": "2月5日",
        "最終除雪日時": "2026-02-05 06:23:52"
      },
      "geometry": {
        "type": "LineString",
        "coordinates": [
          [
            140.755052,
            40.818705
          ],
          [
            140.756624,
            40.819141
          ],
          [
            140.757282,
            40.819315
          ],
          [
            140.758494,
            40.819648
          ],
          [
            140.760115,
            40.820053
          ],
          [
            140.76132,
            40.820335
          ],
          [
            140.761736,
            40.820446
          ],
          [
            140.762931,
            40.820738
          ],
          [
            140.764397,
            40.821065
          ],
          [
            140.765679,
            40.821336
          ],
          [
            140.76659,
            40.821478
          ],
          [
            140.768213,
            40.82163
          ],
          [
            140.769842,
            40.821761
          ],
          [
            140.770443,
            40.821823
          ]
        ]
      }
    },
    {
      "type": "Feature",
      "properties": {
        "名前": "花園幸畑浪打戸山線",
        "ステータス": "現場確認中（現場確認中のもの）",
        "直近作業予定日": "-",
        "指令": "－",
        "更新日時": "2月11日 19:00 現在",
        "最終除雪日": "2月11日",
        "最終除雪日時": "2026-02-11 06:34:15"
      },
      "geometry": {
        "type": "LineString",
        "coordinates": [
          [
            140.783518,
            40.799022
          ],
          [
            140.782969,
            40.800368
          ],
          [
            140.782238,
            40.802166
          ],
          [
            140.780809,
            40.805468
          ],
          [
            140.779384,
            40.809017
          ],
          [
            140.778819,
            40.810586
          ],
          [
            140.778383,
            40.811147
          ],
          [
            140.776387,
            40.813396
          ],
          [
            140.774701,
            40.817146
          ],
          [
            140.77443,
            40.817678
          ],
          [
            140.77373,
            40.818473
          ],
          [
            140.772683,
            40.819715
          ],
          [
            140.77111,
            40.82129
          ],
          [
            140.7705,
            40.821834
          ],
          [
            140.769641,
            40.822996
          ],
          [
            140.769137,
            40.823711
          ],
          [
            140.768898,
            40.824933
          ]
        ]
      }
    },
    {
      "type": "Feature",
      "properties": {
        "名前": "花園幸畑浪打戸山線",
        "ステータス": "現場確認中（現場確認中のもの）",
        "直近作業予定日": "-",
        "指令": "－",
        "更新日時": "2月11日 19:00 現在",
        "最終除雪日": "2月11日",
        "最終除雪日時": "2026-02-11 06:34:15"
      },
      "geometry": {
        "type": "LineString",
        "coordinates": [
          [
            140.779335,
            40.826839
          ],
          [
            140.779564,
            40.826304
          ],
          [
            140.779729,
            40.825902
          ],
          [
            140.77977,
            40.825806
          ],
          [
            140.779834,
            40.825657
          ],
          [
            140.77995,
            40.825343
          ],
          [
            140.779989,
            40.825243
          ],
          [
            140.780117,
            40.824933
          ],
          [
            140.780184,
            40.824766
          ],
          [
            140.78024,
            40.824633
          ],
          [
            140.780394,
            40.824231
          ],
          [
            140.780529,
            40.823874
          ],
          [
            140.780739,
            40.823266
          ],
          [
            140.780998,
            40.822675
          ],
          [
            140.78129,
            40.82192
          ],
          [
            140.781711,
            40.82087
          ],
          [
            140.781955,
            40.820223
          ],
          [
            140.782004,
            40.820109
          ],
          [
            140.782027,
            40.820057
          ],
          [
            140.782161,
            40.819883
          ],
          [
            140.782424,
            40.819572
          ],
          [
            140.78248,
            40.819484
          ],
          [
            140.782851,
            40.819204
          ],
          [
            140.78325,
            40.818896
          ],
          [
            140.783828,
            40.818445
          ],
          [
            140.784593,
            40.817849
          ],
          [
            140.78504,
            40.817509
          ],
          [
            140.785389,
            40.817241
          ],
          [
            140.785959,
            40.816773
          ],
          [
            140.786248,
            40.816556
          ],
          [
            140.786878,
            40.816051
          ],
          [
            140.787363,
            40.815675
          ],
          [
            140.787951,
            40.815222
          ],
          [
            140.788605,
            40.814688
          ],
          [
            140.789051,
            40.814311
          ],
          [
            140.789272,
            40.814078
          ],
          [
            140.789538,
            40.8138
          ],
          [
            140.789776,
            40.813547
          ],
          [
            140.79026,
            40.813007
          ],
          [
            140.790432,
            40.812822
          ],
          [
            140.790582,
            40.812606
          ],
          [
            140.79089,
            40.812126
          ],
          [
            140.790972,
            40.811986
          ],
          [
            140.791171,
            40.81153
          ],
          [
            140.791352,
            40.810968
          ],
          [
            140.791438,
            40.81068
          ],
          [
            140.791461,
            40.810569
          ],
          [
            140.791686,
            40.810026
          ],
          [
            140.79187,
            40.809518
          ],
          [
            140.79223,
            40.808514
          ],
          [
            140.792398,
            40.808086
          ],
          [
            140.792683,
            40.807331
          ],
          [
            140.792955,
            40.806575
          ],
          [
            140.793322,
            40.805636
          ],
          [
            140.793603,
            40.804889
          ],
          [
            140.794012,
            40.80385
          ],
          [
            140.794428,
            40.802732
          ],
          [
            140.794613,
            40.802203
          ],
          [
            140.794801,
            40.801714
          ],
          [
            140.79521,
            40.800609
          ],
          [
            140.795307,
            40.800341
          ],
          [
            140.795453,
            40.799836
          ],
          [
            140.795543,
            40.799585
          ],
          [
            140.795596,
            40.799457
          ],
          [
            140.795701,
            40.799251
          ],
          [
            140.795993,
            40.798858
          ]
        ]
      }
    },
    {
      "type": "Feature",
      "properties": {
        "名前": "花園幸畑浪打戸山線",
        "ステータス": "現場確認中（現場確認中のもの）",
        "直近作業予定日": "-",
        "指令": "－",
        "更新日時": "2月11日 19:00 現在",
        "最終除雪日": "2月11日",
        "最終除雪日時": "2026-02-11 06:34:15"
      },
      "geometry": {
        "type": "LineString",
        "coordinates": [
          [
            140.780999,
            40.805047
          ],
          [
            140.780912,
            40.804982
          ],
          [
            140.780871,
            40.804921
          ],
          [
            140.780864,
            40.80486
          ],
          [
            140.780902,
            40.804744
          ],
          [
            140.780992,
            40.80453
          ],
          [
            140.780999,
            40.804398
          ],
          [
            140.781036,
            40.803937
          ],
          [
            140.78101,
            40.803486
          ],
          [
            140.780954,
            40.803114
          ],
          [
            140.780897,
            40.802834
          ],
          [
            140.780823,
            40.802245
          ],
          [
            140.780809,
            40.802132
          ]
        ]
      }
    },
    {
      "type": "Feature",
      "properties": {
        "名前": "小柳地区線",
        "ステータス": "現場確認中（現場確認中のもの）",
        "直近作業予定日": "-",
        "指令": "－",
        "更新日時": "2月11日 19:00 現在",
        "最終除雪日": "2月11日",
        "最終除雪日時": "2026-02-11 06:34:15"
      },
      "geometry": {
        "type": "LineString",
        "coordinates": [
          [
            140.784288,
            40.828027
          ],
          [
            140.784615,
            40.827434
          ],
          [
            140.784825,
            40.827021
          ],
          [
            140.785066,
            40.826659
          ],
          [
            140.785163,
            40.826561
          ],
          [
            140.785261,
            40.826461
          ],
          [
            140.785512,
            40.826279
          ],
          [
            140.785872,
            40.82606
          ],
          [
            140.78636,
            40.825806
          ],
          [
            140.786998,
            40.825463
          ],
          [
            140.787265,
            40.825303
          ],
          [
            140.787639,
            40.824973
          ],
          [
            140.787714,
            40.82491
          ],
          [
            140.787876,
            40.82481
          ],
          [
            140.788074,
            40.82473
          ],
          [
            140.788537,
            40.824548
          ],
          [
            140.788638,
            40.824442
          ],
          [
            140.78872,
            40.824262
          ],
          [
            140.788859,
            40.824023
          ],
          [
            140.788995,
            40.823997
          ],
          [
            140.789235,
            40.823955
          ],
          [
            140.789366,
            40.823909
          ],
          [
            140.789478,
            40.823823
          ],
          [
            140.789727,
            40.823572
          ],
          [
            140.789907,
            40.823392
          ],
          [
            140.789956,
            40.823304
          ],
          [
            140.789993,
            40.823138
          ],
          [
            140.790035,
            40.822944
          ],
          [
            140.790042,
            40.822896
          ],
          [
            140.790113,
            40.822802
          ],
          [
            140.790275,
            40.822696
          ],
          [
            140.790529,
            40.822631
          ],
          [
            140.79072,
            40.822581
          ],
          [
            140.790908,
            40.822528
          ],
          [
            140.791035,
            40.822491
          ],
          [
            140.791234,
            40.822403
          ],
          [
            140.791449,
            40.822302
          ],
          [
            140.79152,
            40.822257
          ],
          [
            140.791595,
            40.822191
          ],
          [
            140.791678,
            40.822082
          ],
          [
            140.791745,
            40.821948
          ],
          [
            140.791738,
            40.82182
          ],
          [
            140.791719,
            40.821723
          ],
          [
            140.791674,
            40.821566
          ],
          [
            140.791655,
            40.821392
          ],
          [
            140.791659,
            40.821239
          ],
          [
            140.791723,
            40.820981
          ],
          [
            140.791888,
            40.820391
          ],
          [
            140.792008,
            40.820015
          ],
          [
            140.792106,
            40.819672
          ],
          [
            140.792132,
            40.819518
          ],
          [
            140.792169,
            40.819375
          ],
          [
            140.792237,
            40.819218
          ],
          [
            140.792331,
            40.819078
          ],
          [
            140.79248,
            40.818868
          ],
          [
            140.792559,
            40.818771
          ]
        ]
      }
    },
    {
      "type": "Feature",
      "properties": {
        "名前": "小柳地区線",
        "ステータス": "現場確認中（現場確認中のもの）",
        "直近作業予定日": "-",
        "指令": "－",
        "更新日時": "2月11日 19:00 現在",
        "最終除雪日": "2月11日",
        "最終除雪日時": "2026-02-11 06:34:15"
      },
      "geometry": {
        "type": "LineString",
        "coordinates": [
          [
            140.776417,
            40.81337
          ],
          [
            140.778163,
            40.81404
          ],
          [
            140.779363,
            40.814488
          ],
          [
            140.780313,
            40.814841
          ],
          [
            140.780963,
            40.815051
          ],
          [
            140.782655,
            40.815576
          ],
          [
            140.783617,
            40.815887
          ],
          [
            140.785384,
            40.816451
          ],
          [
            140.786092,
            40.816645
          ],
          [
            140.787955,
            40.817252
          ],
          [
            140.788375,
            40.817386
          ],
          [
            140.790059,
            40.817925
          ],
          [
            140.791017,
            40.818227
          ],
          [
            140.792559,
            40.818714
          ],
          [
            140.793907,
            40.819156
          ],
          [
            140.79439,
            40.819327
          ],
          [
            140.794634,
            40.819415
          ],
          [
            140.794826,
            40.819515
          ],
          [
            140.795074,
            40.819626
          ],
          [
            140.795392,
            40.819814
          ],
          [
            140.795708,
            40.820008
          ],
          [
            140.796116,
            40.820387
          ],
          [
            140.796676,
            40.820915
          ],
          [
            140.797344,
            40.821487
          ],
          [
            140.797724,
            40.821815
          ],
          [
            140.798233,
            40.822259
          ],
          [
            140.798439,
            40.822482
          ],
          [
            140.79865,
            40.822744
          ],
          [
            140.798785,
            40.822909
          ],
          [
            140.798882,
            40.823109
          ],
          [
            140.799015,
            40.823377
          ],
          [
            140.799075,
            40.823693
          ],
          [
            140.799202,
            40.824489
          ],
          [
            140.79933,
            40.825474
          ],
          [
            140.799431,
            40.826044
          ],
          [
            140.799427,
            40.826483
          ]
        ]
      }
    },
    {
      "type": "Feature",
      "properties": {
        "名前": "小柳地区線",
        "ステータス": "現場確認中（現場確認中のもの）",
        "直近作業予定日": "-",
        "指令": "－",
        "更新日時": "2月11日 19:00 現在",
        "最終除雪日": "2月11日",
        "最終除雪日時": "2026-02-11 06:34:15"
      },
      "geometry": {
        "type": "LineString",
        "coordinates": [
          [
            140.783932,
            40.829166
          ],
          [
            140.784105,
            40.82833
          ]
        ]
      }
    },
    {
      "type": "Feature",
      "properties": {
        "名前": "県病西通り線",
        "ステータス": "現場確認中（現場確認中のもの）",
        "直近作業予定日": "-",
        "指令": "－",
        "更新日時": "2月11日 19:00 現在",
        "最終除雪日": "2月5日",
        "最終除雪日時": "2026-02-05 06:23:52"
      },
      "geometry": {
        "type": "LineString",
        "coordinates": [
          [
            140.794609,
            40.827489
          ],
          [
            140.794263,
            40.828048
          ],
          [
            140.794131,
            40.828399
          ],
          [
            140.793981,
            40.82891
          ],
          [
            140.793914,
            40.828989
          ],
          [
            140.793141,
            40.828993
          ],
          [
            140.792758,
            40.828981
          ],
          [
            140.792566,
            40.829067
          ],
          [
            140.792383,
            40.829147
          ],
          [
            140.792038,
            40.829688
          ],
          [
            140.791779,
            40.829777
          ],
          [
            140.791692,
            40.829805
          ],
          [
            140.791588,
            40.829925
          ],
          [
            140.791512,
            40.830028
          ],
          [
            140.791305,
            40.83035
          ],
          [
            140.791212,
            40.830527
          ],
          [
            140.791197,
            40.830567
          ],
          [
            140.790982,
            40.831423
          ],
          [
            140.790821,
            40.832105
          ],
          [
            140.790762,
            40.832504
          ]
        ]
      }
    },
    {
      "type": "Feature",
      "properties": {
        "名前": "羽白線",
        "ステータス": "現場確認中（現場確認中のもの）",
        "直近作業予定日": "-",
        "指令": "－",
        "更新日時": "2月11日 19:00 現在",
        "最終除雪日": "2月11日",
        "最終除雪日時": "2026-02-11 06:34:15"
      },
      "geometry": {
        "type": "LineString",
        "coordinates": [
          [
            140.685548,
            40.852882
          ],
          [
            140.685532,
            40.853438
          ],
          [
            140.685497,
            40.854045
          ],
          [
            140.685462,
            40.855013
          ],
          [
            140.685429,
            40.855618
          ],
          [
            140.685414,
            40.85613
          ],
          [
            140.685394,
            40.856766
          ],
          [
            140.685382,
            40.857175
          ],
          [
            140.685356,
            40.857872
          ],
          [
            140.685355,
            40.857947
          ],
          [
            140.68469,
            40.857925
          ],
          [
            140.683888,
            40.857903
          ],
          [
            140.683073,
            40.857891
          ],
          [
            140.682275,
            40.857879
          ],
          [
            140.681348,
            40.857857
          ]
        ]
      }
    },
    {
      "type": "Feature",
      "properties": {
        "名前": "羽白線",
        "ステータス": "現場確認中（現場確認中のもの）",
        "直近作業予定日": "-",
        "指令": "－",
        "更新日時": "2月11日 19:00 現在",
        "最終除雪日": "2月11日",
        "最終除雪日時": "2026-02-11 06:34:15"
      },
      "geometry": {
        "type": "LineString",
        "coordinates": [
          [
            140.685392,
            40.85723
          ],
          [
            140.685682,
            40.857233
          ],
          [
            140.686313,
            40.857247
          ],
          [
            140.686773,
            40.857249
          ],
          [
            140.687333,
            40.857259
          ],
          [
            140.687994,
            40.857269
          ],
          [
            140.68857,
            40.857284
          ],
          [
            140.688707,
            40.857111
          ],
          [
            140.688829,
            40.85696
          ],
          [
            140.689021,
            40.856727
          ],
          [
            140.689153,
            40.856548
          ],
          [
            140.689169,
            40.856519
          ],
          [
            140.689171,
            40.856334
          ],
          [
            140.689175,
            40.856108
          ],
          [
            140.689178,
            40.85571
          ],
          [
            140.689187,
            40.855408
          ],
          [
            140.68919,
            40.85519
          ],
          [
            140.6892,
            40.854743
          ],
          [
            140.689213,
            40.854471
          ],
          [
            140.689216,
            40.854313
          ],
          [
            140.689175,
            40.854063
          ]
        ]
      }
    },
    {
      "type": "Feature",
      "properties": {
        "名前": "羽白線",
        "ステータス": "現場確認中（現場確認中のもの）",
        "直近作業予定日": "-",
        "指令": "－",
        "更新日時": "2月11日 19:00 現在",
        "最終除雪日": "2月11日",
        "最終除雪日時": "2026-02-11 06:34:15"
      },
      "geometry": {
        "type": "LineString",
        "coordinates": [
          [
            140.685392,
            40.85723
          ],
          [
            140.685682,
            40.857233
          ],
          [
            140.686313,
            40.857247
          ],
          [
            140.686773,
            40.857249
          ],
          [
            140.687333,
            40.857259
          ],
          [
            140.687994,
            40.857269
          ],
          [
            140.68857,
            40.857284
          ],
          [
            140.688707,
            40.857111
          ],
          [
            140.688829,
            40.85696
          ],
          [
            140.689021,
            40.856727
          ],
          [
            140.689153,
            40.856548
          ],
          [
            140.689169,
            40.856519
          ],
          [
            140.689171,
            40.856334
          ],
          [
            140.689175,
            40.856108
          ],
          [
            140.689178,
            40.85571
          ],
          [
            140.689187,
            40.855408
          ],
          [
            140.68919,
            40.85519
          ],
          [
            140.6892,
            40.854743
          ],
          [
            140.689213,
            40.854471
          ],
          [
            140.689216,
            40.854313
          ],
          [
            140.689175,
            40.854063
          ]
        ]
      }
    },
    {
      "type": "Feature",
      "properties": {
        "名前": "羽白線",
        "ステータス": "現場確認中（現場確認中のもの）",
        "直近作業予定日": "-",
        "指令": "－",
        "更新日時": "2月11日 19:00 現在",
        "最終除雪日": "2月11日",
        "最終除雪日時": "2026-02-11 06:34:15"
      },
      "geometry": {
        "type": "LineString",
        "coordinates": [
          [
            140.685548,
            40.852882
          ],
          [
            140.685532,
            40.853438
          ],
          [
            140.685497,
            40.854045
          ],
          [
            140.685462,
            40.855013
          ],
          [
            140.685429,
            40.855618
          ],
          [
            140.685414,
            40.85613
          ],
          [
            140.685394,
            40.856766
          ],
          [
            140.685382,
            40.857175
          ],
          [
            140.685356,
            40.857872
          ],
          [
            140.685355,
            40.857947
          ],
          [
            140.68469,
            40.857925
          ],
          [
            140.683888,
            40.857903
          ],
          [
            140.683073,
            40.857891
          ],
          [
            140.682275,
            40.857879
          ],
          [
            140.681348,
            40.857857
          ]
        ]
      }
    },
    {
      "type": "Feature",
      "properties": {
        "名前": "羽白線",
        "ステータス": "現場確認中（現場確認中のもの）",
        "直近作業予定日": "-",
        "指令": "－",
        "更新日時": "2月11日 19:00 現在",
        "最終除雪日": "2月11日",
        "最終除雪日時": "2026-02-11 06:34:15"
      },
      "geometry": {
        "type": "LineString",
        "coordinates": [
          [
            140.685567,
            40.852889
          ],
          [
            140.685551,
            40.853444
          ],
          [
            140.685516,
            40.854052
          ],
          [
            140.685481,
            40.855019
          ],
          [
            140.685449,
            40.855624
          ],
          [
            140.685434,
            40.856136
          ],
          [
            140.685414,
            40.856773
          ],
          [
            140.685401,
            40.857181
          ],
          [
            140.685375,
            40.857878
          ],
          [
            140.685375,
            40.857953
          ],
          [
            140.68471,
            40.857931
          ],
          [
            140.683907,
            40.857909
          ],
          [
            140.683093,
            40.857897
          ],
          [
            140.682295,
            40.857885
          ],
          [
            140.681368,
            40.857863
          ]
        ]
      }
    },
    {
      "type": "Feature",
      "properties": {
        "名前": "柳川篠田沖館線",
        "ステータス": "作業予定あり（直近の作業日程が予定されているもの）",
        "直近作業予定日": "2月11日 作業予定",
        "指令": "継続指令",
        "更新日時": "2月11日 19:00 現在",
        "最終除雪日": "2月11日",
        "最終除雪日時": "2026-02-11 06:34:15",
        "指令継続": "8日17時間",
        "指令開始日時": "2026-02-03 20:35:45"
      },
      "geometry": {
        "type": "LineString",
        "coordinates": [
          [
            140.722935,
            40.832248
          ],
          [
            140.722877,
            40.83136
          ],
          [
            140.722863,
            40.83117
          ],
          [
            140.722883,
            40.83103
          ],
          [
            140.722929,
            40.830786
          ],
          [
            140.723087,
            40.830366
          ],
          [
            140.723277,
            40.829922
          ],
          [
            140.723533,
            40.829273
          ],
          [
            140.723737,
            40.828793
          ],
          [
            140.723842,
            40.828523
          ],
          [
            140.72398,
            40.828254
          ],
          [
            140.724092,
            40.828059
          ],
          [
            140.724308,
            40.827824
          ],
          [
            140.724421,
            40.827725
          ],
          [
            140.724755,
            40.82741
          ],
          [
            140.725188,
            40.826996
          ],
          [
            140.725517,
            40.826696
          ],
          [
            140.725642,
            40.826536
          ],
          [
            140.725839,
            40.826261
          ],
          [
            140.726035,
            40.825962
          ],
          [
            140.726095,
            40.825842
          ]
        ]
      }
    },
    {
      "type": "Feature",
      "properties": {
        "名前": "柳川篠田沖館線",
        "ステータス": "作業予定あり（直近の作業日程が予定されているもの）",
        "直近作業予定日": "2月11日 作業予定",
        "指令": "継続指令",
        "更新日時": "2月11日 19:00 現在",
        "最終除雪日": "2月11日",
        "最終除雪日時": "2026-02-11 06:34:15",
        "指令継続": "8日17時間",
        "指令開始日時": "2026-02-03 20:35:45"
      },
      "geometry": {
        "type": "LineString",
        "coordinates": [
          [
            140.731027,
            40.831924
          ],
          [
            140.730731,
            40.832014
          ],
          [
            140.730416,
            40.832169
          ],
          [
            140.730168,
            40.832288
          ],
          [
            140.729752,
            40.832488
          ],
          [
            140.729227,
            40.832668
          ],
          [
            140.728834,
            40.832792
          ]
        ]
      }
    },
    {
      "type": "Feature",
      "properties": {
        "名前": "柳川篠田沖館線",
        "ステータス": "作業予定あり（直近の作業日程が予定されているもの）",
        "直近作業予定日": "2月11日 作業予定",
        "指令": "継続指令",
        "更新日時": "2月11日 19:00 現在",
        "最終除雪日": "2月11日",
        "最終除雪日時": "2026-02-11 06:34:15",
        "指令継続": "8日17時間",
        "指令開始日時": "2026-02-03 20:35:45"
      },
      "geometry": {
        "type": "LineString",
        "coordinates": [
          [
            140.707421,
            40.827776
          ],
          [
            140.707074,
            40.82732
          ],
          [
            140.706786,
            40.826942
          ],
          [
            140.706695,
            40.82679
          ],
          [
            140.706645,
            40.826668
          ],
          [
            140.706686,
            40.826231
          ],
          [
            140.70685,
            40.825298
          ]
        ]
      }
    },
    {
      "type": "Feature",
      "properties": {
        "名前": "柳川篠田沖館線",
        "ステータス": "作業予定あり（直近の作業日程が予定されているもの）",
        "直近作業予定日": "2月11日 作業予定",
        "指令": "継続指令",
        "更新日時": "2月11日 19:00 現在",
        "最終除雪日": "2月11日",
        "最終除雪日時": "2026-02-11 06:34:15",
        "指令継続": "8日17時間",
        "指令開始日時": "2026-02-03 20:35:45"
      },
      "geometry": {
        "type": "LineString",
        "coordinates": [
          [
            140.723422,
            40.826237
          ],
          [
            140.723527,
            40.826436
          ],
          [
            140.723737,
            40.826746
          ],
          [
            140.723894,
            40.827006
          ],
          [
            140.724085,
            40.827285
          ],
          [
            140.724249,
            40.82754
          ],
          [
            140.724302,
            40.827625
          ],
          [
            140.724466,
            40.82775
          ],
          [
            140.724768,
            40.828014
          ],
          [
            140.725103,
            40.828274
          ],
          [
            140.725589,
            40.828673
          ],
          [
            140.72595,
            40.828973
          ],
          [
            140.726285,
            40.829183
          ],
          [
            140.726384,
            40.829253
          ],
          [
            140.726574,
            40.829427
          ],
          [
            140.72681,
            40.829707
          ],
          [
            140.726915,
            40.829822
          ],
          [
            140.727002,
            40.829927
          ],
          [
            140.727127,
            40.830091
          ],
          [
            140.727244,
            40.830286
          ]
        ]
      }
    },
    {
      "type": "Feature",
      "properties": {
        "名前": "柳川篠田沖館線",
        "ステータス": "作業予定あり（直近の作業日程が予定されているもの）",
        "直近作業予定日": "2月11日 作業予定",
        "指令": "継続指令",
        "更新日時": "2月11日 19:00 現在",
        "最終除雪日": "2月11日",
        "最終除雪日時": "2026-02-11 06:34:15",
        "指令継続": "8日17時間",
        "指令開始日時": "2026-02-03 20:35:45"
      },
      "geometry": {
        "type": "LineString",
        "coordinates": [
          [
            140.725149,
            40.828294
          ],
          [
            140.725405,
            40.828119
          ],
          [
            140.725668,
            40.827939
          ],
          [
            140.72595,
            40.82776
          ],
          [
            140.726114,
            40.827665
          ],
          [
            140.726344,
            40.82757
          ],
          [
            140.726542,
            40.82751
          ],
          [
            140.72685,
            40.827455
          ],
          [
            140.727224,
            40.82744
          ],
          [
            140.727973,
            40.827435
          ],
          [
            140.72842,
            40.827435
          ]
        ]
      }
    },
    {
      "type": "Feature",
      "properties": {
        "名前": "柳川篠田沖館線",
        "ステータス": "作業予定あり（直近の作業日程が予定されているもの）",
        "直近作業予定日": "2月11日 作業予定",
        "指令": "継続指令",
        "更新日時": "2月11日 19:00 現在",
        "最終除雪日": "2月11日",
        "最終除雪日時": "2026-02-11 06:34:15",
        "指令継続": "8日17時間",
        "指令開始日時": "2026-02-03 20:35:45"
      },
      "geometry": {
        "type": "LineString",
        "coordinates": [
          [
            140.731217,
            40.832214
          ],
          [
            140.731119,
            40.832478
          ],
          [
            140.731375,
            40.832628
          ],
          [
            140.731552,
            40.832708
          ],
          [
            140.732071,
            40.832823
          ],
          [
            140.732505,
            40.832868
          ],
          [
            140.732886,
            40.832873
          ],
          [
            140.733122,
            40.832863
          ]
        ]
      }
    },
    {
      "type": "Feature",
      "properties": {
        "名前": "柳川篠田沖館線",
        "ステータス": "作業予定あり（直近の作業日程が予定されているもの）",
        "直近作業予定日": "2月11日 作業予定",
        "指令": "継続指令",
        "更新日時": "2月11日 19:00 現在",
        "最終除雪日": "2月11日",
        "最終除雪日時": "2026-02-11 06:34:15",
        "指令継続": "8日17時間",
        "指令開始日時": "2026-02-03 20:35:45"
      },
      "geometry": {
        "type": "LineString",
        "coordinates": [
          [
            140.717192,
            40.82848
          ],
          [
            140.717644,
            40.828847
          ],
          [
            140.718118,
            40.829371
          ],
          [
            140.718305,
            40.829584
          ],
          [
            140.718453,
            40.829723
          ],
          [
            140.718645,
            40.829827
          ],
          [
            140.719039,
            40.830045
          ],
          [
            140.719385,
            40.830307
          ],
          [
            140.719685,
            40.83055
          ],
          [
            140.719808,
            40.830633
          ],
          [
            140.720143,
            40.830772
          ],
          [
            140.720571,
            40.830914
          ],
          [
            140.720941,
            40.831019
          ],
          [
            140.721319,
            40.831131
          ],
          [
            140.721562,
            40.831228
          ],
          [
            140.721803,
            40.831367
          ],
          [
            140.72194,
            40.831476
          ],
          [
            140.721999,
            40.831606
          ],
          [
            140.722029,
            40.831741
          ],
          [
            140.722374,
            40.83194
          ],
          [
            140.722625,
            40.832104
          ],
          [
            140.72295,
            40.832266
          ],
          [
            140.723222,
            40.832311
          ],
          [
            140.72328,
            40.832348
          ],
          [
            140.723847,
            40.832472
          ]
        ]
      }
    },
    {
      "type": "Feature",
      "properties": {
        "名前": "柳川篠田沖館線",
        "ステータス": "作業予定あり（直近の作業日程が予定されているもの）",
        "直近作業予定日": "2月11日 作業予定",
        "指令": "継続指令",
        "更新日時": "2月11日 19:00 現在",
        "最終除雪日": "2月11日",
        "最終除雪日時": "2026-02-11 06:34:15",
        "指令継続": "8日17時間",
        "指令開始日時": "2026-02-03 20:35:45"
      },
      "geometry": {
        "type": "LineString",
        "coordinates": [
          [
            140.729267,
            40.833342
          ],
          [
            140.729556,
            40.833687
          ],
          [
            140.729871,
            40.834001
          ],
          [
            140.729976,
            40.833801
          ],
          [
            140.7302,
            40.833367
          ],
          [
            140.730325,
            40.833107
          ],
          [
            140.730442,
            40.832887
          ],
          [
            140.730515,
            40.832713
          ],
          [
            140.730791,
            40.832583
          ],
          [
            140.731014,
            40.832468
          ],
          [
            140.731092,
            40.832478
          ]
        ]
      }
    },
    {
      "type": "Feature",
      "properties": {
        "名前": "柳川篠田沖館線",
        "ステータス": "作業予定あり（直近の作業日程が予定されているもの）",
        "直近作業予定日": "2月11日 作業予定",
        "指令": "継続指令",
        "更新日時": "2月11日 19:00 現在",
        "最終除雪日": "2月11日",
        "最終除雪日時": "2026-02-11 06:34:15",
        "指令継続": "8日17時間",
        "指令開始日時": "2026-02-03 20:35:45"
      },
      "geometry": {
        "type": "LineString",
        "coordinates": [
          [
            140.729868,
            40.834006
          ],
          [
            140.729758,
            40.834145
          ],
          [
            140.729598,
            40.834311
          ]
        ]
      }
    },
    {
      "type": "Feature",
      "properties": {
        "名前": "柳川篠田沖館線",
        "ステータス": "作業予定あり（直近の作業日程が予定されているもの）",
        "直近作業予定日": "2月11日 作業予定",
        "指令": "継続指令",
        "更新日時": "2月11日 19:00 現在",
        "最終除雪日": "2月11日",
        "最終除雪日時": "2026-02-11 06:34:15",
        "指令継続": "8日17時間",
        "指令開始日時": "2026-02-03 20:35:45"
      },
      "geometry": {
        "type": "LineString",
        "coordinates": [
          [
            140.728965,
            40.832938
          ],
          [
            140.728801,
            40.832733
          ],
          [
            140.72861,
            40.832528
          ],
          [
            140.728315,
            40.832189
          ],
          [
            140.728131,
            40.831979
          ],
          [
            140.727908,
            40.831724
          ],
          [
            140.727882,
            40.831644
          ],
          [
            140.727908,
            40.83155
          ],
          [
            140.72798,
            40.831485
          ],
          [
            140.728368,
            40.83131
          ],
          [
            140.728695,
            40.83114
          ],
          [
            140.728933,
            40.831025
          ],
          [
            140.72905,
            40.83088
          ],
          [
            140.729162,
            40.830731
          ],
          [
            140.729175,
            40.830701
          ],
          [
            140.72905,
            40.830576
          ],
          [
            140.728814,
            40.830306
          ],
          [
            140.728394,
            40.829867
          ]
        ]
      }
    },
    {
      "type": "Feature",
      "properties": {
        "名前": "柳川篠田沖館線",
        "ステータス": "作業予定あり（直近の作業日程が予定されているもの）",
        "直近作業予定日": "2月11日 作業予定",
        "指令": "継続指令",
        "更新日時": "2月11日 19:00 現在",
        "最終除雪日": "2月11日",
        "最終除雪日時": "2026-02-11 06:34:15",
        "指令継続": "8日17時間",
        "指令開始日時": "2026-02-03 20:35:45"
      },
      "geometry": {
        "type": "LineString",
        "coordinates": [
          [
            140.718234,
            40.826999
          ],
          [
            140.717959,
            40.827372
          ],
          [
            140.717811,
            40.827592
          ],
          [
            140.717678,
            40.827795
          ],
          [
            140.71749,
            40.828053
          ],
          [
            140.717357,
            40.828238
          ],
          [
            140.717258,
            40.828348
          ],
          [
            140.717208,
            40.828415
          ],
          [
            140.717148,
            40.828539
          ],
          [
            140.716934,
            40.828675
          ],
          [
            140.716671,
            40.828852
          ],
          [
            140.716572,
            40.828936
          ],
          [
            140.716503,
            40.828997
          ],
          [
            140.716362,
            40.829185
          ],
          [
            140.716263,
            40.829327
          ],
          [
            140.716163,
            40.829454
          ],
          [
            140.716057,
            40.829593
          ],
          [
            140.715973,
            40.829713
          ],
          [
            140.715958,
            40.82979
          ],
          [
            140.715938,
            40.82988
          ],
          [
            140.715908,
            40.82995
          ],
          [
            140.715825,
            40.830045
          ],
          [
            140.715782,
            40.830109
          ],
          [
            140.715615,
            40.830276
          ],
          [
            140.715516,
            40.830343
          ],
          [
            140.715386,
            40.830439
          ],
          [
            140.715183,
            40.83059
          ],
          [
            140.715096,
            40.83067
          ],
          [
            140.714969,
            40.830821
          ],
          [
            140.71478,
            40.831064
          ],
          [
            140.714703,
            40.831166
          ],
          [
            140.714467,
            40.83134
          ],
          [
            140.714326,
            40.831447
          ],
          [
            140.714123,
            40.831487
          ],
          [
            140.713879,
            40.831537
          ],
          [
            140.713567,
            40.831644
          ],
          [
            140.713372,
            40.831716
          ],
          [
            140.713124,
            40.831861
          ],
          [
            140.712712,
            40.832107
          ],
          [
            140.712476,
            40.832257
          ],
          [
            140.712258,
            40.832397
          ],
          [
            140.712193,
            40.83244
          ],
          [
            140.711987,
            40.832631
          ],
          [
            140.711706,
            40.832909
          ],
          [
            140.711541,
            40.833074
          ],
          [
            140.711133,
            40.832857
          ],
          [
            140.710637,
            40.832582
          ],
          [
            140.710046,
            40.832252
          ],
          [
            140.709688,
            40.832069
          ],
          [
            140.709367,
            40.831918
          ],
          [
            140.708997,
            40.831748
          ],
          [
            140.70817,
            40.831395
          ],
          [
            140.70748,
            40.831102
          ],
          [
            140.706458,
            40.830676
          ],
          [
            140.705771,
            40.830375
          ],
          [
            140.705139,
            40.830077
          ]
        ]
      }
    },
    {
      "type": "Feature",
      "properties": {
        "名前": "柳川篠田沖館線",
        "ステータス": "作業予定あり（直近の作業日程が予定されているもの）",
        "直近作業予定日": "2月11日 作業予定",
        "指令": "継続指令",
        "更新日時": "2月11日 19:00 現在",
        "最終除雪日": "2月11日",
        "最終除雪日時": "2026-02-11 06:34:15",
        "指令継続": "8日17時間",
        "指令開始日時": "2026-02-03 20:35:45"
      },
      "geometry": {
        "type": "LineString",
        "coordinates": [
          [
            140.728512,
            40.827425
          ],
          [
            140.729123,
            40.827185
          ],
          [
            140.729662,
            40.826961
          ],
          [
            140.7302,
            40.826736
          ],
          [
            140.730456,
            40.826641
          ],
          [
            140.731225,
            40.826416
          ],
          [
            140.731684,
            40.826276
          ]
        ]
      }
    },
    {
      "type": "Feature",
      "properties": {
        "名前": "柳川篠田沖館線",
        "ステータス": "作業予定あり（直近の作業日程が予定されているもの）",
        "直近作業予定日": "2月11日 作業予定",
        "指令": "継続指令",
        "更新日時": "2月11日 19:00 現在",
        "最終除雪日": "2月11日",
        "最終除雪日時": "2026-02-11 06:34:15",
        "指令継続": "8日17時間",
        "指令開始日時": "2026-02-03 20:35:45"
      },
      "geometry": {
        "type": "LineString",
        "coordinates": [
          [
            140.729182,
            40.830676
          ],
          [
            140.729444,
            40.830521
          ],
          [
            140.729865,
            40.830326
          ],
          [
            140.730423,
            40.830091
          ],
          [
            140.731034,
            40.829842
          ],
          [
            140.731316,
            40.829722
          ],
          [
            140.731566,
            40.829592
          ],
          [
            140.731718,
            40.829472
          ],
          [
            140.731855,
            40.829352
          ],
          [
            140.731914,
            40.829248
          ],
          [
            140.731966,
            40.829158
          ],
          [
            140.732059,
            40.828888
          ],
          [
            140.732138,
            40.828588
          ],
          [
            140.732242,
            40.828159
          ],
          [
            140.732256,
            40.828079
          ],
          [
            140.732269,
            40.827974
          ],
          [
            140.732249,
            40.827889
          ],
          [
            140.732256,
            40.827665
          ],
          [
            140.732138,
            40.82739
          ],
          [
            140.732059,
            40.827225
          ],
          [
            140.732124,
            40.8271
          ],
          [
            140.731822,
            40.826506
          ],
          [
            140.731599,
            40.826087
          ],
          [
            140.731415,
            40.825727
          ],
          [
            140.731179,
            40.825268
          ],
          [
            140.731107,
            40.825138
          ]
        ]
      }
    },
    {
      "type": "Feature",
      "properties": {
        "名前": "駅西口大通り線",
        "ステータス": "現場確認中（現場確認中のもの）",
        "直近作業予定日": "-",
        "指令": "－",
        "更新日時": "2月11日 19:00 現在",
        "最終除雪日": "2月7日",
        "最終除雪日時": "2026-02-07 06:21:13"
      },
      "geometry": {
        "type": "LineString",
        "coordinates": [
          [
            140.732492,
            40.829568
          ],
          [
            140.732606,
            40.829241
          ],
          [
            140.73291,
            40.829299
          ],
          [
            140.732855,
            40.829464
          ],
          [
            140.732529,
            40.829507
          ]
        ]
      }
    },
    {
      "type": "Feature",
      "properties": {
        "名前": "駅西口大通り線",
        "ステータス": "現場確認中（現場確認中のもの）",
        "直近作業予定日": "-",
        "指令": "－",
        "更新日時": "2月11日 19:00 現在",
        "最終除雪日": "2月7日",
        "最終除雪日時": "2026-02-07 06:21:13"
      },
      "geometry": {
        "type": "LineString",
        "coordinates": [
          [
            140.728479,
            40.829797
          ],
          [
            140.729024,
            40.829557
          ],
          [
            140.729655,
            40.829282
          ],
          [
            140.730148,
            40.829068
          ],
          [
            140.730469,
            40.828928
          ],
          [
            140.730949,
            40.828713
          ],
          [
            140.73148,
            40.828484
          ],
          [
            140.731835,
            40.828324
          ],
          [
            140.73198,
            40.828304
          ],
          [
            140.73215,
            40.828294
          ]
        ]
      }
    },
    {
      "type": "Feature",
      "properties": {
        "名前": "駅西口大通り線",
        "ステータス": "現場確認中（現場確認中のもの）",
        "直近作業予定日": "-",
        "指令": "－",
        "更新日時": "2月11日 19:00 現在",
        "最終除雪日": "2月7日",
        "最終除雪日時": "2026-02-07 06:21:13"
      },
      "geometry": {
        "type": "LineString",
        "coordinates": [
          [
            140.732091,
            40.829062
          ],
          [
            140.732466,
            40.829147
          ],
          [
            140.732597,
            40.828805
          ],
          [
            140.732227,
            40.828409
          ]
        ]
      }
    },
    {
      "type": "Feature",
      "properties": {
        "名前": "駅西口大通り線",
        "ステータス": "現場確認中（現場確認中のもの）",
        "直近作業予定日": "-",
        "指令": "－",
        "更新日時": "2月11日 19:00 現在",
        "最終除雪日": "2月7日",
        "最終除雪日時": "2026-02-07 06:21:13"
      },
      "geometry": {
        "type": "LineString",
        "coordinates": [
          [
            140.732061,
            40.829123
          ],
          [
            140.73246,
            40.829204
          ],
          [
            140.732338,
            40.829519
          ],
          [
            140.732145,
            40.829507
          ],
          [
            140.73199,
            40.829422
          ],
          [
            140.732113,
            40.829143
          ]
        ]
      }
    },
    {
      "type": "Feature",
      "properties": {
        "名前": "駅西口大通り線",
        "ステータス": "現場確認中（現場確認中のもの）",
        "直近作業予定日": "-",
        "指令": "－",
        "更新日時": "2月11日 19:00 現在",
        "最終除雪日": "2月7日",
        "最終除雪日時": "2026-02-07 06:21:13"
      },
      "geometry": {
        "type": "LineString",
        "coordinates": [
          [
            140.732273,
            40.829089
          ],
          [
            140.732433,
            40.828915
          ],
          [
            140.73246,
            40.828771
          ],
          [
            140.732438,
            40.828648
          ]
        ]
      }
    },
    {
      "type": "Feature",
      "properties": {
        "名前": "千刈浪館線",
        "ステータス": "現場確認中（現場確認中のもの）",
        "直近作業予定日": "-",
        "指令": "－",
        "更新日時": "2月11日 19:00 現在",
        "最終除雪日": "2月7日",
        "最終除雪日時": "2026-02-07 06:21:13"
      },
      "geometry": {
        "type": "LineString",
        "coordinates": [
          [
            140.72792,
            40.825313
          ],
          [
            140.727737,
            40.825158
          ],
          [
            140.727553,
            40.824973
          ],
          [
            140.727198,
            40.824629
          ],
          [
            140.726877,
            40.824319
          ],
          [
            140.726633,
            40.824084
          ],
          [
            140.726292,
            40.823745
          ],
          [
            140.72616,
            40.82362
          ],
          [
            140.726088,
            40.82349
          ],
          [
            140.726056,
            40.823275
          ],
          [
            140.726069,
            40.823136
          ],
          [
            140.726154,
            40.822876
          ],
          [
            140.72626,
            40.822706
          ],
          [
            140.726391,
            40.822541
          ],
          [
            140.726502,
            40.822432
          ],
          [
            140.726601,
            40.822377
          ],
          [
            140.726804,
            40.822272
          ],
          [
            140.727113,
            40.822142
          ],
          [
            140.727514,
            40.821972
          ],
          [
            140.727809,
            40.821857
          ],
          [
            140.728158,
            40.821698
          ],
          [
            140.728479,
            40.821578
          ],
          [
            140.728762,
            40.821453
          ],
          [
            140.729117,
            40.821293
          ],
          [
            140.729438,
            40.821198
          ],
          [
            140.7297,
            40.821143
          ],
          [
            140.73014,
            40.821053
          ],
          [
            140.730489,
            40.820978
          ],
          [
            140.730765,
            40.820924
          ],
          [
            140.730981,
            40.820884
          ]
        ]
      }
    },
    {
      "type": "Feature",
      "properties": {
        "名前": "三内地区線１",
        "ステータス": "作業予定あり（直近の作業日程が予定されているもの）",
        "直近作業予定日": "2月11日 作業予定",
        "指令": "継続指令",
        "更新日時": "2月11日 19:00 現在",
        "最終除雪日": "2月11日",
        "最終除雪日時": "2026-02-11 06:34:15",
        "指令継続": "8日17時間",
        "指令開始日時": "2026-02-03 20:35:45"
      },
      "geometry": {
        "type": "LineString",
        "coordinates": [
          [
            140.707072,
            40.820027
          ],
          [
            140.706768,
            40.8202
          ],
          [
            140.706563,
            40.820366
          ],
          [
            140.706338,
            40.820374
          ],
          [
            140.706102,
            40.820354
          ],
          [
            140.705865,
            40.820269
          ],
          [
            140.705675,
            40.820194
          ],
          [
            140.705485,
            40.8201
          ],
          [
            140.705334,
            40.82
          ],
          [
            140.705235,
            40.819925
          ],
          [
            140.705156,
            40.81987
          ],
          [
            140.705031,
            40.81981
          ],
          [
            140.704795,
            40.819715
          ],
          [
            140.70425,
            40.81952
          ],
          [
            140.703731,
            40.819351
          ],
          [
            140.703054,
            40.819131
          ],
          [
            140.702648,
            40.819011
          ],
          [
            140.702142,
            40.818866
          ],
          [
            140.701701,
            40.818716
          ],
          [
            140.701327,
            40.818557
          ],
          [
            140.70088,
            40.818367
          ],
          [
            140.70069,
            40.818277
          ],
          [
            140.700329,
            40.818102
          ],
          [
            140.699948,
            40.817878
          ],
          [
            140.699724,
            40.817733
          ],
          [
            140.699415,
            40.817558
          ],
          [
            140.69929,
            40.817538
          ],
          [
            140.699173,
            40.817478
          ],
          [
            140.698903,
            40.817378
          ],
          [
            140.698728,
            40.817313
          ],
          [
            140.69843,
            40.817235
          ],
          [
            140.697983,
            40.817125
          ],
          [
            140.697677,
            40.817064
          ],
          [
            140.697141,
            40.816967
          ],
          [
            140.696753,
            40.816905
          ],
          [
            140.696408,
            40.816847
          ],
          [
            140.695932,
            40.816766
          ],
          [
            140.695383,
            40.816685
          ],
          [
            140.694983,
            40.816618
          ],
          [
            140.694629,
            40.81656
          ],
          [
            140.693441,
            40.816281
          ],
          [
            140.693063,
            40.816129
          ],
          [
            140.692748,
            40.816016
          ],
          [
            140.692446,
            40.815903
          ],
          [
            140.692177,
            40.815809
          ],
          [
            140.691859,
            40.815722
          ],
          [
            140.691149,
            40.815654
          ],
          [
            140.690469,
            40.815583
          ],
          [
            140.689684,
            40.815513
          ],
          [
            140.689253,
            40.818222
          ],
          [
            140.689258,
            40.818426
          ],
          [
            140.690067,
            40.819173
          ],
          [
            140.690944,
            40.820031
          ],
          [
            140.691165,
            40.820274
          ],
          [
            140.691253,
            40.82057
          ],
          [
            140.691391,
            40.821327
          ],
          [
            140.691623,
            40.821969
          ],
          [
            140.692049,
            40.822913
          ],
          [
            140.692329,
            40.823255
          ],
          [
            140.692635,
            40.823534
          ],
          [
            140.692681,
            40.82394
          ],
          [
            140.692683,
            40.824825
          ],
          [
            140.692656,
            40.825697
          ]
        ]
      }
    },
    {
      "type": "Feature",
      "properties": {
        "名前": "三内地区線１",
        "ステータス": "作業予定あり（直近の作業日程が予定されているもの）",
        "直近作業予定日": "2月11日 作業予定",
        "指令": "継続指令",
        "更新日時": "2月11日 19:00 現在",
        "最終除雪日": "2月11日",
        "最終除雪日時": "2026-02-11 06:34:15",
        "指令継続": "8日17時間",
        "指令開始日時": "2026-02-03 20:35:45"
      },
      "geometry": {
        "type": "LineString",
        "coordinates": [
          [
            140.704818,
            40.819751
          ],
          [
            140.704524,
            40.820173
          ],
          [
            140.70417,
            40.82056
          ],
          [
            140.704159,
            40.821047
          ],
          [
            140.704547,
            40.82262
          ],
          [
            140.704478,
            40.823282
          ],
          [
            140.704335,
            40.824859
          ]
        ]
      }
    },
    {
      "type": "Feature",
      "properties": {
        "名前": "三内地区線２",
        "ステータス": "現場確認中（現場確認中のもの）",
        "直近作業予定日": "-",
        "指令": "－",
        "更新日時": "2月11日 19:00 現在"
      },
      "geometry": {
        "type": "LineString",
        "coordinates": [
          [
            140.70708,
            40.82003
          ],
          [
            140.707349,
            40.820095
          ],
          [
            140.707494,
            40.820145
          ],
          [
            140.707748,
            40.820243
          ],
          [
            140.708008,
            40.820353
          ],
          [
            140.708183,
            40.820444
          ],
          [
            140.708446,
            40.820591
          ],
          [
            140.708611,
            40.820667
          ],
          [
            140.70881,
            40.820739
          ],
          [
            140.70901,
            40.820826
          ],
          [
            140.70915,
            40.820921
          ],
          [
            140.70929,
            40.820997
          ],
          [
            140.709369,
            40.821027
          ],
          [
            140.709644,
            40.821061
          ],
          [
            140.709868,
            40.821091
          ],
          [
            140.710007,
            40.821148
          ],
          [
            140.710218,
            40.821281
          ],
          [
            140.710373,
            40.821406
          ],
          [
            140.710481,
            40.821531
          ],
          [
            140.710536,
            40.82161
          ],
          [
            140.710601,
            40.821701
          ],
          [
            140.710726,
            40.821838
          ],
          [
            140.710896,
            40.82205
          ],
          [
            140.711205,
            40.822387
          ],
          [
            140.711405,
            40.822626
          ],
          [
            140.711579,
            40.822823
          ],
          [
            140.711684,
            40.822947
          ],
          [
            140.711764,
            40.823046
          ],
          [
            140.711824,
            40.823114
          ],
          [
            140.711953,
            40.823254
          ],
          [
            140.712237,
            40.823554
          ],
          [
            140.712392,
            40.823731
          ],
          [
            140.712583,
            40.823895
          ],
          [
            140.712776,
            40.824035
          ],
          [
            140.713086,
            40.824228
          ],
          [
            140.713245,
            40.824307
          ],
          [
            140.71356,
            40.824421
          ],
          [
            140.713695,
            40.824505
          ],
          [
            140.713719,
            40.824591
          ],
          [
            140.713675,
            40.824701
          ],
          [
            140.71343,
            40.82483
          ],
          [
            140.71326,
            40.824967
          ],
          [
            140.713141,
            40.825076
          ],
          [
            140.713031,
            40.825259
          ],
          [
            140.712976,
            40.825391
          ],
          [
            140.712931,
            40.82558
          ],
          [
            140.712921,
            40.825663
          ]
        ]
      }
    },
    {
      "type": "Feature",
      "properties": {
        "名前": "三内地区線２",
        "ステータス": "現場確認中（現場確認中のもの）",
        "直近作業予定日": "-",
        "指令": "－",
        "更新日時": "2月11日 19:00 現在"
      },
      "geometry": {
        "type": "LineString",
        "coordinates": [
          [
            140.711282,
            40.816423
          ],
          [
            140.711705,
            40.816554
          ],
          [
            140.71216,
            40.816717
          ],
          [
            140.712547,
            40.816851
          ],
          [
            140.712873,
            40.816959
          ],
          [
            140.713136,
            40.817053
          ],
          [
            140.713488,
            40.81717
          ],
          [
            140.713691,
            40.81724
          ],
          [
            140.713927,
            40.817322
          ],
          [
            140.714486,
            40.817497
          ],
          [
            140.714817,
            40.817605
          ],
          [
            140.715492,
            40.817834
          ],
          [
            140.715895,
            40.817974
          ],
          [
            140.716223,
            40.818076
          ],
          [
            140.716445,
            40.818124
          ],
          [
            140.716923,
            40.818203
          ],
          [
            140.717397,
            40.818297
          ],
          [
            140.717912,
            40.818395
          ],
          [
            140.718467,
            40.818509
          ],
          [
            140.718962,
            40.818595
          ],
          [
            140.720097,
            40.818826
          ],
          [
            140.720793,
            40.818967
          ],
          [
            140.721674,
            40.81914
          ],
          [
            140.721928,
            40.819185
          ]
        ]
      }
    },
    {
      "type": "Feature",
      "properties": {
        "名前": "三内地区線２",
        "ステータス": "現場確認中（現場確認中のもの）",
        "直近作業予定日": "-",
        "指令": "－",
        "更新日時": "2月11日 19:00 現在"
      },
      "geometry": {
        "type": "LineString",
        "coordinates": [
          [
            140.715263,
            40.809926
          ],
          [
            140.715263,
            40.810275
          ],
          [
            140.715237,
            40.81044
          ],
          [
            140.715204,
            40.810485
          ],
          [
            140.715021,
            40.81069
          ],
          [
            140.714849,
            40.81085
          ],
          [
            140.714672,
            40.81101
          ],
          [
            140.714599,
            40.811104
          ],
          [
            140.714416,
            40.811409
          ],
          [
            140.714291,
            40.811659
          ],
          [
            140.714022,
            40.812138
          ],
          [
            140.713792,
            40.812567
          ],
          [
            140.713634,
            40.812871
          ],
          [
            140.713444,
            40.813237
          ],
          [
            140.713181,
            40.813716
          ],
          [
            140.712944,
            40.814125
          ],
          [
            140.712714,
            40.814529
          ],
          [
            140.712536,
            40.814805
          ],
          [
            140.712361,
            40.815113
          ],
          [
            140.712149,
            40.815424
          ],
          [
            140.711893,
            40.815772
          ],
          [
            140.711618,
            40.816122
          ],
          [
            140.711388,
            40.816263
          ],
          [
            140.711158,
            40.816436
          ],
          [
            140.710968,
            40.816577
          ],
          [
            140.710823,
            40.816741
          ],
          [
            140.710712,
            40.816901
          ],
          [
            140.710521,
            40.817201
          ],
          [
            140.71035,
            40.817426
          ],
          [
            140.710179,
            40.817605
          ],
          [
            140.710074,
            40.81766
          ],
          [
            140.709654,
            40.81783
          ],
          [
            140.709108,
            40.81794
          ],
          [
            140.708932,
            40.817984
          ],
          [
            140.708741,
            40.818075
          ],
          [
            140.708668,
            40.818125
          ],
          [
            140.708511,
            40.818275
          ],
          [
            140.708274,
            40.81851
          ],
          [
            140.707919,
            40.818913
          ],
          [
            140.707651,
            40.819229
          ],
          [
            140.707374,
            40.819617
          ],
          [
            140.707243,
            40.819797
          ],
          [
            140.707019,
            40.820037
          ]
        ]
      }
    },
    {
      "type": "Feature",
      "properties": {
        "名前": "安田地区線",
        "ステータス": "現場確認中（現場確認中のもの）",
        "直近作業予定日": "-",
        "指令": "－",
        "更新日時": "2月11日 19:00 現在"
      },
      "geometry": {
        "type": "LineString",
        "coordinates": [
          [
            140.709908,
            40.806345
          ],
          [
            140.709549,
            40.806015
          ],
          [
            140.709056,
            40.805651
          ],
          [
            140.708692,
            40.805375
          ],
          [
            140.708272,
            40.805068
          ],
          [
            140.707834,
            40.804743
          ],
          [
            140.70721,
            40.804291
          ],
          [
            140.706951,
            40.804095
          ],
          [
            140.706786,
            40.803916
          ],
          [
            140.706591,
            40.803674
          ],
          [
            140.706447,
            40.803436
          ],
          [
            140.706342,
            40.803246
          ],
          [
            140.706242,
            40.802992
          ],
          [
            140.706192,
            40.802837
          ],
          [
            140.706168,
            40.802534
          ],
          [
            140.706168,
            40.802155
          ],
          [
            140.706218,
            40.801741
          ],
          [
            140.706257,
            40.801424
          ],
          [
            140.706317,
            40.800984
          ],
          [
            140.706352,
            40.800697
          ],
          [
            140.706412,
            40.800314
          ],
          [
            140.706473,
            40.799841
          ],
          [
            140.706527,
            40.799417
          ],
          [
            140.706582,
            40.799015
          ],
          [
            140.706612,
            40.798499
          ],
          [
            140.706627,
            40.79828
          ]
        ]
      }
    },
    {
      "type": "Feature",
      "properties": {
        "名前": "安田地区線",
        "ステータス": "現場確認中（現場確認中のもの）",
        "直近作業予定日": "-",
        "指令": "－",
        "更新日時": "2月11日 19:00 現在"
      },
      "geometry": {
        "type": "LineString",
        "coordinates": [
          [
            140.69937,
            40.80582
          ],
          [
            140.699214,
            40.805803
          ],
          [
            140.699025,
            40.805769
          ],
          [
            140.698825,
            40.805727
          ],
          [
            140.698647,
            40.805693
          ],
          [
            140.698525,
            40.805659
          ],
          [
            140.698392,
            40.805616
          ],
          [
            140.698247,
            40.805582
          ],
          [
            140.698092,
            40.805557
          ],
          [
            140.697858,
            40.80554
          ],
          [
            140.697658,
            40.805531
          ],
          [
            140.697369,
            40.805531
          ],
          [
            140.697136,
            40.805573
          ],
          [
            140.696958,
            40.805623
          ],
          [
            140.69678,
            40.805691
          ],
          [
            140.696624,
            40.805775
          ],
          [
            140.696423,
            40.805944
          ],
          [
            140.696145,
            40.80618
          ],
          [
            140.695911,
            40.806543
          ],
          [
            140.695554,
            40.807159
          ],
          [
            140.695163,
            40.807809
          ],
          [
            140.694951,
            40.808163
          ],
          [
            140.694896,
            40.808248
          ],
          [
            140.694851,
            40.808332
          ],
          [
            140.694806,
            40.808434
          ],
          [
            140.694728,
            40.80856
          ],
          [
            140.69465,
            40.808678
          ],
          [
            140.694583,
            40.808763
          ],
          [
            140.694282,
            40.809142
          ],
          [
            140.693993,
            40.80948
          ],
          [
            140.693736,
            40.809877
          ],
          [
            140.693536,
            40.810201
          ],
          [
            140.693301,
            40.810577
          ],
          [
            140.693154,
            40.810833
          ],
          [
            140.693023,
            40.811068
          ],
          [
            140.69287,
            40.8115
          ],
          [
            140.692808,
            40.811662
          ],
          [
            140.692744,
            40.811811
          ],
          [
            140.692656,
            40.811987
          ],
          [
            140.692574,
            40.812082
          ],
          [
            140.692486,
            40.812191
          ],
          [
            140.692336,
            40.812279
          ],
          [
            140.692098,
            40.812371
          ],
          [
            140.691772,
            40.812467
          ],
          [
            140.691637,
            40.812516
          ],
          [
            140.691547,
            40.812573
          ],
          [
            140.691428,
            40.812675
          ],
          [
            140.691099,
            40.812977
          ],
          [
            140.690955,
            40.813109
          ],
          [
            140.690883,
            40.813178
          ],
          [
            140.690821,
            40.813256
          ],
          [
            140.690757,
            40.813365
          ],
          [
            140.690715,
            40.813457
          ],
          [
            140.690615,
            40.813591
          ],
          [
            140.690602,
            40.813966
          ],
          [
            140.690534,
            40.814121
          ],
          [
            140.690444,
            40.814245
          ],
          [
            140.690308,
            40.814372
          ],
          [
            140.690108,
            40.814465
          ],
          [
            140.689982,
            40.814493
          ],
          [
            140.689923,
            40.814695
          ],
          [
            140.689818,
            40.815008
          ],
          [
            140.689737,
            40.815284
          ],
          [
            140.689705,
            40.81542
          ],
          [
            140.689648,
            40.815446
          ],
          [
            140.689582,
            40.815456
          ],
          [
            140.688675,
            40.815207
          ],
          [
            140.688608,
            40.815204
          ],
          [
            140.688214,
            40.81529
          ],
          [
            140.687916,
            40.815362
          ],
          [
            140.687795,
            40.815406
          ],
          [
            140.68751,
            40.815547
          ],
          [
            140.686878,
            40.815862
          ],
          [
            140.686728,
            40.815903
          ],
          [
            140.686595,
            40.815927
          ],
          [
            140.686452,
            40.815922
          ],
          [
            140.686243,
            40.8159
          ],
          [
            140.686011,
            40.81584
          ],
          [
            140.685894,
            40.815777
          ],
          [
            140.685733,
            40.815683
          ],
          [
            140.685429,
            40.815422
          ],
          [
            140.685286,
            40.815246
          ],
          [
            140.685188,
            40.815111
          ]
        ]
      }
    },
    {
      "type": "Feature",
      "properties": {
        "名前": "安田地区線",
        "ステータス": "現場確認中（現場確認中のもの）",
        "直近作業予定日": "-",
        "指令": "－",
        "更新日時": "2月11日 19:00 現在"
      },
      "geometry": {
        "type": "LineString",
        "coordinates": [
          [
            140.696157,
            40.80806
          ],
          [
            140.696975,
            40.808137
          ],
          [
            140.697535,
            40.808124
          ],
          [
            140.69838,
            40.808017
          ],
          [
            140.699171,
            40.807896
          ],
          [
            140.699704,
            40.807884
          ],
          [
            140.700417,
            40.807987
          ],
          [
            140.701046,
            40.808157
          ],
          [
            140.701629,
            40.808333
          ],
          [
            140.702286,
            40.80858
          ],
          [
            140.702659,
            40.808775
          ],
          [
            140.70305,
            40.809034
          ],
          [
            140.703364,
            40.809443
          ],
          [
            140.703491,
            40.809734
          ],
          [
            140.703574,
            40.809992
          ],
          [
            140.703618,
            40.810254
          ],
          [
            140.703589,
            40.810511
          ],
          [
            140.703528,
            40.810756
          ],
          [
            140.703092,
            40.811828
          ],
          [
            140.703031,
            40.812131
          ],
          [
            140.702997,
            40.812494
          ],
          [
            140.703062,
            40.813018
          ],
          [
            140.703189,
            40.813318
          ],
          [
            140.703429,
            40.813721
          ],
          [
            140.704206,
            40.814439
          ],
          [
            140.705888,
            40.816017
          ],
          [
            140.706684,
            40.816637
          ],
          [
            140.707646,
            40.817215
          ],
          [
            140.707997,
            40.817426
          ],
          [
            140.708421,
            40.817606
          ],
          [
            140.708894,
            40.81776
          ],
          [
            140.709368,
            40.817906
          ]
        ]
      }
    },
    {
      "type": "Feature",
      "properties": {
        "名前": "安田地区線",
        "ステータス": "現場確認中（現場確認中のもの）",
        "直近作業予定日": "-",
        "指令": "－",
        "更新日時": "2月11日 19:00 現在"
      },
      "geometry": {
        "type": "LineString",
        "coordinates": [
          [
            140.707021,
            40.80417
          ],
          [
            140.706746,
            40.804144
          ],
          [
            140.706552,
            40.80411
          ],
          [
            140.706377,
            40.804045
          ],
          [
            140.706022,
            40.803757
          ],
          [
            140.705864,
            40.803632
          ],
          [
            140.705754,
            40.803568
          ],
          [
            140.705584,
            40.803489
          ],
          [
            140.705415,
            40.803443
          ],
          [
            140.70515,
            40.803409
          ],
          [
            140.704955,
            40.803379
          ],
          [
            140.704436,
            40.803314
          ],
          [
            140.704172,
            40.803303
          ],
          [
            140.703932,
            40.803306
          ],
          [
            140.703634,
            40.803344
          ],
          [
            140.703354,
            40.803401
          ],
          [
            140.703265,
            40.803424
          ],
          [
            140.703135,
            40.803522
          ],
          [
            140.702955,
            40.803655
          ],
          [
            140.70284,
            40.803731
          ],
          [
            140.70273,
            40.803874
          ],
          [
            140.702572,
            40.804128
          ],
          [
            140.702417,
            40.80439
          ],
          [
            140.702321,
            40.804519
          ],
          [
            140.702236,
            40.804667
          ],
          [
            140.702143,
            40.804817
          ],
          [
            140.702083,
            40.804917
          ],
          [
            140.701983,
            40.805003
          ],
          [
            140.701793,
            40.805106
          ],
          [
            140.701369,
            40.805261
          ],
          [
            140.700975,
            40.805405
          ],
          [
            140.700507,
            40.805571
          ],
          [
            140.700202,
            40.805682
          ],
          [
            140.699968,
            40.805769
          ],
          [
            140.699834,
            40.805796
          ],
          [
            140.699721,
            40.805816
          ],
          [
            140.699608,
            40.805828
          ],
          [
            140.699526,
            40.805831
          ],
          [
            140.699386,
            40.805837
          ],
          [
            140.699335,
            40.805893
          ],
          [
            140.699303,
            40.80597
          ],
          [
            140.699234,
            40.806049
          ],
          [
            140.699164,
            40.806117
          ],
          [
            140.699089,
            40.806235
          ],
          [
            140.699019,
            40.806397
          ],
          [
            140.698969,
            40.806598
          ],
          [
            140.698909,
            40.806852
          ],
          [
            140.698855,
            40.807133
          ],
          [
            140.69882,
            40.807273
          ],
          [
            140.69879,
            40.807356
          ],
          [
            140.698675,
            40.807515
          ],
          [
            140.69855,
            40.807621
          ],
          [
            140.698345,
            40.807734
          ],
          [
            140.698191,
            40.807812
          ],
          [
            140.69789,
            40.807864
          ],
          [
            140.697544,
            40.807856
          ],
          [
            140.697045,
            40.807837
          ],
          [
            140.696551,
            40.807784
          ],
          [
            140.696082,
            40.807712
          ],
          [
            140.6954,
            40.807535
          ]
        ]
      }
    },
    {
      "type": "Feature",
      "properties": {
        "名前": "安田地区線",
        "ステータス": "現場確認中（現場確認中のもの）",
        "直近作業予定日": "-",
        "指令": "－",
        "更新日時": "2月11日 19:00 現在"
      },
      "geometry": {
        "type": "LineString",
        "coordinates": [
          [
            140.694787,
            40.807699
          ],
          [
            140.695245,
            40.807799
          ],
          [
            140.695978,
            40.807981
          ],
          [
            140.696195,
            40.808159
          ],
          [
            140.696281,
            40.808265
          ],
          [
            140.696272,
            40.80841
          ],
          [
            140.696203,
            40.808541
          ],
          [
            140.695994,
            40.808765
          ],
          [
            140.695526,
            40.808844
          ],
          [
            140.695127,
            40.80887
          ],
          [
            140.694771,
            40.808994
          ],
          [
            140.694606,
            40.809179
          ],
          [
            140.694562,
            40.809376
          ],
          [
            140.694678,
            40.809869
          ],
          [
            140.694691,
            40.810035
          ],
          [
            140.694681,
            40.810098
          ],
          [
            140.694637,
            40.810182
          ],
          [
            140.694491,
            40.810285
          ],
          [
            140.694384,
            40.810329
          ],
          [
            140.694245,
            40.810352
          ],
          [
            140.694108,
            40.810344
          ],
          [
            140.693591,
            40.810167
          ]
        ]
      }
    },
    {
      "type": "Feature",
      "properties": {
        "名前": "旭町大通り線",
        "ステータス": "作業予定あり（直近の作業日程が予定されているもの）",
        "直近作業予定日": "2月13日 作業予定",
        "指令": "継続指令",
        "更新日時": "2月11日 19:00 現在",
        "最終除雪日": "2月7日",
        "最終除雪日時": "2026-02-07 06:21:13",
        "指令継続": "4時間",
        "指令開始日時": "2026-02-12 09:36:13"
      },
      "geometry": {
        "type": "LineString",
        "coordinates": [
          [
            140.73507,
            40.819844
          ],
          [
            140.73494,
            40.819383
          ],
          [
            140.734697,
            40.818663
          ],
          [
            140.734553,
            40.818271
          ],
          [
            140.734396,
            40.81776
          ],
          [
            140.734423,
            40.817531
          ],
          [
            140.73452,
            40.817205
          ],
          [
            140.734684,
            40.816797
          ],
          [
            140.734794,
            40.816624
          ],
          [
            140.734978,
            40.816292
          ],
          [
            140.735082,
            40.816123
          ],
          [
            140.735225,
            40.81585
          ],
          [
            140.735389,
            40.815523
          ],
          [
            140.73552,
            40.815235
          ],
          [
            140.735598,
            40.814968
          ],
          [
            140.735696,
            40.814646
          ],
          [
            140.735827,
            40.814214
          ],
          [
            140.735879,
            40.814035
          ],
          [
            140.73599,
            40.813683
          ],
          [
            140.736179,
            40.813048
          ],
          [
            140.736323,
            40.812597
          ],
          [
            140.73644,
            40.812199
          ],
          [
            140.736558,
            40.811808
          ],
          [
            140.73665,
            40.811506
          ],
          [
            140.736713,
            40.811265
          ],
          [
            140.736757,
            40.811102
          ],
          [
            140.736841,
            40.810871
          ],
          [
            140.736889,
            40.810738
          ],
          [
            140.736927,
            40.810626
          ],
          [
            140.736969,
            40.810447
          ],
          [
            140.736988,
            40.810358
          ],
          [
            140.737016,
            40.810257
          ],
          [
            140.737057,
            40.810073
          ],
          [
            140.737093,
            40.809929
          ],
          [
            140.737139,
            40.809844
          ],
          [
            140.737244,
            40.80967
          ],
          [
            140.73733,
            40.809516
          ],
          [
            140.737517,
            40.809223
          ],
          [
            140.737574,
            40.809136
          ],
          [
            140.737678,
            40.808972
          ],
          [
            140.737834,
            40.808755
          ],
          [
            140.737888,
            40.808643
          ],
          [
            140.737898,
            40.808543
          ],
          [
            140.737858,
            40.808336
          ],
          [
            140.737833,
            40.808189
          ],
          [
            140.737793,
            40.808039
          ]
        ]
      }
    },
    {
      "type": "Feature",
      "properties": {
        "名前": "旭町大通り線",
        "ステータス": "作業予定あり（直近の作業日程が予定されているもの）",
        "直近作業予定日": "2月13日 作業予定",
        "指令": "継続指令",
        "更新日時": "2月11日 19:00 現在",
        "最終除雪日": "2月7日",
        "最終除雪日時": "2026-02-07 06:21:13",
        "指令継続": "4時間",
        "指令開始日時": "2026-02-12 09:36:13"
      },
      "geometry": {
        "type": "LineString",
        "coordinates": [
          [
            140.737584,
            40.809131
          ],
          [
            140.737811,
            40.809054
          ],
          [
            140.738135,
            40.808951
          ],
          [
            140.738723,
            40.80879
          ],
          [
            140.739148,
            40.808671
          ],
          [
            140.739517,
            40.808579
          ],
          [
            140.739527,
            40.808583
          ],
          [
            140.739973,
            40.808453
          ],
          [
            140.740297,
            40.808368
          ],
          [
            140.740605,
            40.808257
          ],
          [
            140.740656,
            40.80823
          ],
          [
            140.741051,
            40.808077
          ]
        ]
      }
    },
    {
      "type": "Feature",
      "properties": {
        "名前": "金沢地区線",
        "ステータス": "現場確認中（現場確認中のもの）",
        "直近作業予定日": "-",
        "指令": "－",
        "更新日時": "2月11日 19:00 現在",
        "最終除雪日": "2月11日",
        "最終除雪日時": "2026-02-11 06:34:15"
      },
      "geometry": {
        "type": "LineString",
        "coordinates": [
          [
            140.736695,
            40.808202
          ],
          [
            140.73614,
            40.808227
          ],
          [
            140.735485,
            40.808276
          ],
          [
            140.734765,
            40.80835
          ],
          [
            140.734078,
            40.808408
          ],
          [
            140.733186,
            40.808481
          ],
          [
            140.732216,
            40.808569
          ],
          [
            140.731148,
            40.808662
          ],
          [
            140.730371,
            40.80874
          ],
          [
            140.7296,
            40.808813
          ],
          [
            140.728624,
            40.808905
          ],
          [
            140.727537,
            40.809013
          ],
          [
            140.726574,
            40.809091
          ],
          [
            140.726034,
            40.809144
          ],
          [
            140.725475,
            40.809193
          ],
          [
            140.724801,
            40.809257
          ],
          [
            140.723997,
            40.80932
          ],
          [
            140.72329,
            40.809384
          ],
          [
            140.72268,
            40.809442
          ]
        ]
      }
    },
    {
      "type": "Feature",
      "properties": {
        "名前": "金沢地区線",
        "ステータス": "現場確認中（現場確認中のもの）",
        "直近作業予定日": "-",
        "指令": "－",
        "更新日時": "2月11日 19:00 現在",
        "最終除雪日": "2月11日",
        "最終除雪日時": "2026-02-11 06:34:15"
      },
      "geometry": {
        "type": "LineString",
        "coordinates": [
          [
            140.722416,
            40.809452
          ],
          [
            140.722371,
            40.809452
          ],
          [
            140.722128,
            40.809559
          ],
          [
            140.721845,
            40.809682
          ],
          [
            140.721498,
            40.809803
          ],
          [
            140.721401,
            40.809838
          ],
          [
            140.721241,
            40.809881
          ],
          [
            140.721074,
            40.809891
          ],
          [
            140.720849,
            40.809881
          ],
          [
            140.720476,
            40.809853
          ],
          [
            140.720098,
            40.809827
          ],
          [
            140.719531,
            40.809759
          ],
          [
            140.718985,
            40.809706
          ],
          [
            140.718606,
            40.809677
          ],
          [
            140.718349,
            40.809653
          ],
          [
            140.718144,
            40.809638
          ],
          [
            140.717714,
            40.809642
          ],
          [
            140.717174,
            40.809672
          ],
          [
            140.716801,
            40.809711
          ],
          [
            140.716493,
            40.809764
          ],
          [
            140.716403,
            40.809788
          ]
        ]
      }
    },
    {
      "type": "Feature",
      "properties": {
        "名前": "金沢地区線",
        "ステータス": "現場確認中（現場確認中のもの）",
        "直近作業予定日": "-",
        "指令": "－",
        "更新日時": "2月11日 19:00 現在",
        "最終除雪日": "2月11日",
        "最終除雪日時": "2026-02-11 06:34:15"
      },
      "geometry": {
        "type": "LineString",
        "coordinates": [
          [
            140.725147,
            40.809193
          ],
          [
            140.725051,
            40.808778
          ],
          [
            140.724955,
            40.808389
          ],
          [
            140.724853,
            40.807998
          ],
          [
            140.724788,
            40.807774
          ],
          [
            140.724704,
            40.807471
          ],
          [
            140.724601,
            40.807042
          ],
          [
            140.724473,
            40.806578
          ],
          [
            140.724382,
            40.806242
          ],
          [
            140.72428,
            40.805881
          ],
          [
            140.724117,
            40.80532
          ]
        ]
      }
    },
    {
      "type": "Feature",
      "properties": {
        "名前": "金沢地区線",
        "ステータス": "現場確認中（現場確認中のもの）",
        "直近作業予定日": "-",
        "指令": "－",
        "更新日時": "2月11日 19:00 現在",
        "最終除雪日": "2月11日",
        "最終除雪日時": "2026-02-11 06:34:15"
      },
      "geometry": {
        "type": "LineString",
        "coordinates": [
          [
            140.736695,
            40.808192
          ],
          [
            140.737796,
            40.807956
          ],
          [
            140.737807,
            40.807956
          ],
          [
            140.737907,
            40.807897
          ],
          [
            140.737996,
            40.80788
          ],
          [
            140.738141,
            40.80783
          ],
          [
            140.738263,
            40.807796
          ],
          [
            140.738519,
            40.80772
          ],
          [
            140.738942,
            40.807602
          ],
          [
            140.739364,
            40.807459
          ],
          [
            140.739809,
            40.807341
          ],
          [
            140.740187,
            40.807206
          ],
          [
            140.74061,
            40.80708
          ],
          [
            140.74081,
            40.806996
          ]
        ]
      }
    },
    {
      "type": "Feature",
      "properties": {
        "名前": "大野地区線",
        "ステータス": "現場確認中（現場確認中のもの）",
        "直近作業予定日": "-",
        "指令": "－",
        "更新日時": "2月11日 19:00 現在",
        "最終除雪日": "2月5日",
        "最終除雪日時": "2026-02-05 06:23:52"
      },
      "geometry": {
        "type": "LineString",
        "coordinates": [
          [
            140.729433,
            40.797716
          ],
          [
            140.729657,
            40.798259
          ],
          [
            140.729831,
            40.798641
          ],
          [
            140.730039,
            40.799058
          ],
          [
            140.730128,
            40.799258
          ],
          [
            140.730262,
            40.799454
          ],
          [
            140.730347,
            40.799599
          ],
          [
            140.730391,
            40.799735
          ],
          [
            140.73037,
            40.799846
          ],
          [
            140.73028,
            40.800024
          ],
          [
            140.730201,
            40.800186
          ],
          [
            140.730111,
            40.80042
          ],
          [
            140.730084,
            40.800565
          ],
          [
            140.730061,
            40.800781
          ],
          [
            140.730039,
            40.800876
          ],
          [
            140.730072,
            40.80105
          ],
          [
            140.730151,
            40.801207
          ],
          [
            140.73028,
            40.801373
          ],
          [
            140.730386,
            40.801531
          ],
          [
            140.730537,
            40.801734
          ],
          [
            140.730628,
            40.801875
          ],
          [
            140.730824,
            40.802045
          ],
          [
            140.731171,
            40.802348
          ],
          [
            140.731529,
            40.802658
          ],
          [
            140.731799,
            40.802875
          ],
          [
            140.732061,
            40.803113
          ],
          [
            140.732375,
            40.803386
          ],
          [
            140.732571,
            40.803577
          ],
          [
            140.732756,
            40.803782
          ],
          [
            140.73279,
            40.803841
          ],
          [
            140.732885,
            40.804032
          ],
          [
            140.733047,
            40.80436
          ],
          [
            140.733193,
            40.804594
          ],
          [
            140.733288,
            40.804739
          ],
          [
            140.733367,
            40.804832
          ],
          [
            140.733703,
            40.804888
          ],
          [
            140.734067,
            40.804981
          ],
          [
            140.734347,
            40.805071
          ],
          [
            140.734498,
            40.805189
          ],
          [
            140.734561,
            40.80525
          ],
          [
            140.734638,
            40.805347
          ],
          [
            140.734834,
            40.805594
          ],
          [
            140.734997,
            40.805764
          ],
          [
            140.735182,
            40.805934
          ],
          [
            140.735295,
            40.80605
          ],
          [
            140.735446,
            40.80616
          ],
          [
            140.735608,
            40.80627
          ],
          [
            140.735843,
            40.806458
          ],
          [
            140.736062,
            40.806581
          ],
          [
            140.73619,
            40.806649
          ],
          [
            140.7365,
            40.806764
          ],
          [
            140.73669,
            40.806853
          ],
          [
            140.73675,
            40.806904
          ],
          [
            140.736841,
            40.807019
          ],
          [
            140.737115,
            40.807223
          ],
          [
            140.737182,
            40.807283
          ],
          [
            140.737401,
            40.807423
          ],
          [
            140.737614,
            40.807542
          ],
          [
            140.737698,
            40.807594
          ],
          [
            140.737738,
            40.807836
          ]
        ]
      }
    },
    {
      "type": "Feature",
      "properties": {
        "名前": "大野地区線",
        "ステータス": "現場確認中（現場確認中のもの）",
        "直近作業予定日": "-",
        "指令": "－",
        "更新日時": "2月11日 19:00 現在",
        "最終除雪日": "2月5日",
        "最終除雪日時": "2026-02-05 06:23:52"
      },
      "geometry": {
        "type": "LineString",
        "coordinates": [
          [
            140.730297,
            40.799515
          ],
          [
            140.730526,
            40.799437
          ],
          [
            140.730633,
            40.799399
          ],
          [
            140.731068,
            40.799376
          ],
          [
            140.731704,
            40.799332
          ],
          [
            140.732595,
            40.79927
          ],
          [
            140.73329,
            40.799223
          ],
          [
            140.733983,
            40.799169
          ],
          [
            140.734736,
            40.799118
          ],
          [
            140.735331,
            40.799077
          ],
          [
            140.735989,
            40.799029
          ],
          [
            140.736764,
            40.798978
          ],
          [
            140.737265,
            40.79894
          ],
          [
            140.737781,
            40.798903
          ],
          [
            140.738233,
            40.798873
          ],
          [
            140.738762,
            40.798842
          ],
          [
            140.739111,
            40.798818
          ],
          [
            140.739881,
            40.798767
          ]
        ]
      }
    },
    {
      "type": "Feature",
      "properties": {
        "名前": "機関区通り線",
        "ステータス": "現場確認中（現場確認中のもの）",
        "直近作業予定日": "-",
        "指令": "－",
        "更新日時": "2月11日 19:00 現在",
        "最終除雪日": "2月5日",
        "最終除雪日時": "2026-02-05 06:23:52"
      },
      "geometry": {
        "type": "LineString",
        "coordinates": [
          [
            140.742225,
            40.8146
          ],
          [
            140.741821,
            40.814815
          ],
          [
            140.741493,
            40.815
          ],
          [
            140.741134,
            40.815205
          ],
          [
            140.740825,
            40.815376
          ],
          [
            140.740723,
            40.815434
          ],
          [
            140.740498,
            40.815615
          ],
          [
            140.74006,
            40.815966
          ],
          [
            140.739816,
            40.81618
          ],
          [
            140.739495,
            40.81644
          ],
          [
            140.739174,
            40.816693
          ],
          [
            140.738898,
            40.816913
          ],
          [
            140.738525,
            40.81721
          ],
          [
            140.73821,
            40.817449
          ],
          [
            140.738049,
            40.817571
          ],
          [
            140.737754,
            40.817796
          ],
          [
            140.737509,
            40.818001
          ],
          [
            140.737233,
            40.818225
          ],
          [
            140.736911,
            40.818474
          ],
          [
            140.736719,
            40.81863
          ],
          [
            140.736461,
            40.818835
          ],
          [
            140.736262,
            40.818996
          ],
          [
            140.735897,
            40.819289
          ],
          [
            140.735492,
            40.819615
          ],
          [
            140.735325,
            40.819709
          ],
          [
            140.735164,
            40.819791
          ]
        ]
      }
    },
    {
      "type": "Feature",
      "properties": {
        "名前": "機関区通り線",
        "ステータス": "現場確認中（現場確認中のもの）",
        "直近作業予定日": "-",
        "指令": "－",
        "更新日時": "2月11日 19:00 現在",
        "最終除雪日": "2月5日",
        "最終除雪日時": "2026-02-05 06:23:52"
      },
      "geometry": {
        "type": "LineString",
        "coordinates": [
          [
            140.742554,
            40.814405
          ],
          [
            140.742932,
            40.814205
          ],
          [
            140.743254,
            40.814024
          ],
          [
            140.743626,
            40.813814
          ],
          [
            140.74387,
            40.813678
          ],
          [
            140.744154,
            40.813531
          ],
          [
            140.744455,
            40.813375
          ],
          [
            140.744635,
            40.813283
          ],
          [
            140.744725,
            40.813258
          ],
          [
            140.744962,
            40.81316
          ],
          [
            140.745149,
            40.813083
          ],
          [
            140.745232,
            40.813048
          ],
          [
            140.745619,
            40.812955
          ],
          [
            140.746016,
            40.812873
          ],
          [
            140.746235,
            40.812819
          ],
          [
            140.746582,
            40.81276
          ],
          [
            140.747256,
            40.812658
          ],
          [
            140.747693,
            40.81258
          ],
          [
            140.748284,
            40.812453
          ],
          [
            140.748689,
            40.812371
          ],
          [
            140.749177,
            40.812272
          ],
          [
            140.749699,
            40.81217
          ],
          [
            140.750116,
            40.812092
          ],
          [
            140.750353,
            40.812033
          ],
          [
            140.750899,
            40.812029
          ],
          [
            140.751266,
            40.812019
          ],
          [
            140.751838,
            40.812004
          ],
          [
            140.752191,
            40.81199
          ],
          [
            140.752262,
            40.81198
          ],
          [
            140.752493,
            40.811916
          ],
          [
            140.752718,
            40.811853
          ],
          [
            140.753033,
            40.81176
          ],
          [
            140.753289,
            40.811688
          ]
        ]
      }
    },
    {
      "type": "Feature",
      "properties": {
        "名前": "桜川団地線",
        "ステータス": "作業予定あり（直近の作業日程が予定されているもの）",
        "直近作業予定日": "2月11日 作業予定",
        "指令": "継続指令",
        "更新日時": "2月11日 19:00 現在",
        "最終除雪日": "2月7日",
        "最終除雪日時": "2026-02-07 06:21:13",
        "指令継続": "8日17時間",
        "指令開始日時": "2026-02-03 20:35:45"
      },
      "geometry": {
        "type": "LineString",
        "coordinates": [
          [
            140.776376,
            40.813349
          ],
          [
            140.772572,
            40.812007
          ],
          [
            140.772164,
            40.811881
          ],
          [
            140.771784,
            40.811801
          ],
          [
            140.771557,
            40.811723
          ],
          [
            140.771363,
            40.811697
          ],
          [
            140.77081,
            40.811623
          ],
          [
            140.770355,
            40.811539
          ],
          [
            140.769962,
            40.811482
          ],
          [
            140.769609,
            40.811413
          ],
          [
            140.769415,
            40.811381
          ],
          [
            140.76916,
            40.811308
          ],
          [
            140.768877,
            40.811218
          ],
          [
            140.768663,
            40.811161
          ],
          [
            140.768345,
            40.811056
          ],
          [
            140.768007,
            40.810924
          ],
          [
            140.767848,
            40.81086
          ],
          [
            140.76775,
            40.810787
          ]
        ]
      }
    },
    {
      "type": "Feature",
      "properties": {
        "名前": "桜川団地線",
        "ステータス": "作業予定あり（直近の作業日程が予定されているもの）",
        "直近作業予定日": "2月11日 作業予定",
        "指令": "継続指令",
        "更新日時": "2月11日 19:00 現在",
        "最終除雪日": "2月7日",
        "最終除雪日時": "2026-02-07 06:21:13",
        "指令継続": "8日17時間",
        "指令開始日時": "2026-02-03 20:35:45"
      },
      "geometry": {
        "type": "LineString",
        "coordinates": [
          [
            140.772033,
            40.808543
          ],
          [
            140.772081,
            40.80858
          ],
          [
            140.772248,
            40.808759
          ],
          [
            140.772365,
            40.808959
          ],
          [
            140.772552,
            40.809273
          ],
          [
            140.772724,
            40.80961
          ],
          [
            140.772918,
            40.809941
          ],
          [
            140.77311,
            40.810325
          ],
          [
            140.773298,
            40.810692
          ],
          [
            140.773373,
            40.810819
          ],
          [
            140.773269,
            40.811124
          ],
          [
            140.773153,
            40.811439
          ],
          [
            140.772965,
            40.811901
          ],
          [
            140.772875,
            40.812101
          ],
          [
            140.772917,
            40.812174
          ],
          [
            140.772765,
            40.812548
          ],
          [
            140.772627,
            40.812895
          ],
          [
            140.772538,
            40.813126
          ],
          [
            140.77253,
            40.813399
          ],
          [
            140.772612,
            40.813636
          ],
          [
            140.772724,
            40.813909
          ],
          [
            140.772779,
            40.814025
          ],
          [
            140.772792,
            40.814062
          ],
          [
            140.772779,
            40.814167
          ],
          [
            140.772765,
            40.81434
          ],
          [
            140.772647,
            40.81464
          ],
          [
            140.77242,
            40.814976
          ],
          [
            140.772282,
            40.815191
          ],
          [
            140.772102,
            40.815444
          ],
          [
            140.772019,
            40.81557
          ],
          [
            140.771805,
            40.815812
          ],
          [
            140.771529,
            40.816012
          ],
          [
            140.771157,
            40.816243
          ],
          [
            140.770859,
            40.816437
          ],
          [
            140.770438,
            40.816705
          ],
          [
            140.770168,
            40.816889
          ],
          [
            140.770072,
            40.816968
          ],
          [
            140.769961,
            40.817078
          ],
          [
            140.769913,
            40.817126
          ],
          [
            140.769844,
            40.817246
          ]
        ]
      }
    },
    {
      "type": "Feature",
      "properties": {
        "名前": "桜川団地線",
        "ステータス": "作業予定あり（直近の作業日程が予定されているもの）",
        "直近作業予定日": "2月11日 作業予定",
        "指令": "継続指令",
        "更新日時": "2月11日 19:00 現在",
        "最終除雪日": "2月7日",
        "最終除雪日時": "2026-02-07 06:21:13",
        "指令継続": "8日17時間",
        "指令開始日時": "2026-02-03 20:35:45"
      },
      "geometry": {
        "type": "LineString",
        "coordinates": [
          [
            140.772502,
            40.813399
          ],
          [
            140.77204,
            40.81342
          ],
          [
            140.771564,
            40.813415
          ],
          [
            140.771157,
            40.813426
          ],
          [
            140.770763,
            40.813389
          ],
          [
            140.770244,
            40.813331
          ],
          [
            140.769809,
            40.813278
          ],
          [
            140.769395,
            40.813231
          ],
          [
            140.76898,
            40.813184
          ],
          [
            140.768594,
            40.813137
          ],
          [
            140.768007,
            40.813063
          ],
          [
            140.767613,
            40.813021
          ],
          [
            140.767676,
            40.812637
          ],
          [
            140.76773,
            40.812333
          ],
          [
            140.767779,
            40.812033
          ],
          [
            140.767821,
            40.811696
          ],
          [
            140.767848,
            40.811413
          ],
          [
            140.767841,
            40.811202
          ],
          [
            140.767785,
            40.81094
          ],
          [
            140.767758,
            40.810803
          ],
          [
            140.767668,
            40.810676
          ],
          [
            140.76751,
            40.810519
          ],
          [
            140.767268,
            40.810309
          ],
          [
            140.767006,
            40.810093
          ],
          [
            140.766749,
            40.809873
          ],
          [
            140.766501,
            40.809667
          ],
          [
            140.766266,
            40.809473
          ],
          [
            140.766046,
            40.809289
          ],
          [
            140.765845,
            40.809121
          ],
          [
            140.765638,
            40.808937
          ],
          [
            140.765451,
            40.808795
          ]
        ]
      }
    },
    {
      "type": "Feature",
      "properties": {
        "名前": "桜川団地線",
        "ステータス": "作業予定あり（直近の作業日程が予定されているもの）",
        "直近作業予定日": "2月11日 作業予定",
        "指令": "継続指令",
        "更新日時": "2月11日 19:00 現在",
        "最終除雪日": "2月7日",
        "最終除雪日時": "2026-02-07 06:21:13",
        "指令継続": "8日17時間",
        "指令開始日時": "2026-02-03 20:35:45"
      },
      "geometry": {
        "type": "LineString",
        "coordinates": [
          [
            140.768297,
            40.815259
          ],
          [
            140.768836,
            40.815313
          ],
          [
            140.76916,
            40.81536
          ],
          [
            140.769795,
            40.815533
          ],
          [
            140.77012,
            40.815623
          ],
          [
            140.770541,
            40.815753
          ],
          [
            140.77108,
            40.815912
          ],
          [
            140.771466,
            40.816017
          ]
        ]
      }
    },
    {
      "type": "Feature",
      "properties": {
        "名前": "桜川団地線",
        "ステータス": "作業予定あり（直近の作業日程が予定されているもの）",
        "直近作業予定日": "2月11日 作業予定",
        "指令": "継続指令",
        "更新日時": "2月11日 19:00 現在",
        "最終除雪日": "2月7日",
        "最終除雪日時": "2026-02-07 06:21:13",
        "指令継続": "8日17時間",
        "指令開始日時": "2026-02-03 20:35:45"
      },
      "geometry": {
        "type": "LineString",
        "coordinates": [
          [
            140.77082,
            40.805475
          ],
          [
            140.770731,
            40.805711
          ],
          [
            140.770665,
            40.805684
          ],
          [
            140.770894,
            40.80602
          ],
          [
            140.77108,
            40.806341
          ],
          [
            140.771184,
            40.806493
          ],
          [
            140.77139,
            40.806804
          ],
          [
            140.771488,
            40.806972
          ],
          [
            140.771702,
            40.807313
          ],
          [
            140.771874,
            40.807591
          ],
          [
            140.772005,
            40.807812
          ],
          [
            140.772046,
            40.807975
          ],
          [
            140.77204,
            40.808238
          ],
          [
            140.772027,
            40.80849
          ],
          [
            140.771964,
            40.808601
          ],
          [
            140.771674,
            40.808806
          ],
          [
            140.771419,
            40.80899
          ],
          [
            140.771157,
            40.80921
          ],
          [
            140.770832,
            40.809578
          ],
          [
            140.770569,
            40.810046
          ],
          [
            140.770327,
            40.810477
          ],
          [
            140.770093,
            40.810876
          ],
          [
            140.769975,
            40.811134
          ],
          [
            140.769795,
            40.81145
          ],
          [
            140.76956,
            40.811755
          ],
          [
            140.769402,
            40.811939
          ],
          [
            140.769202,
            40.812154
          ],
          [
            140.768967,
            40.812385
          ],
          [
            140.768898,
            40.812448
          ],
          [
            140.768863,
            40.812532
          ],
          [
            140.768781,
            40.812695
          ],
          [
            140.768656,
            40.813078
          ],
          [
            140.768594,
            40.81342
          ],
          [
            140.768532,
            40.81362
          ],
          [
            140.768483,
            40.813998
          ],
          [
            140.768448,
            40.814161
          ],
          [
            140.76831,
            40.815065
          ],
          [
            140.768242,
            40.815554
          ],
          [
            140.768179,
            40.815953
          ],
          [
            140.768124,
            40.816217
          ],
          [
            140.768069,
            40.816636
          ],
          [
            140.767986,
            40.817078
          ],
          [
            140.767966,
            40.817273
          ],
          [
            140.767889,
            40.817693
          ],
          [
            140.767834,
            40.818087
          ],
          [
            140.767709,
            40.818991
          ],
          [
            140.767633,
            40.819559
          ],
          [
            140.767599,
            40.819969
          ],
          [
            140.767551,
            40.820473
          ],
          [
            140.767488,
            40.82092
          ],
          [
            140.767377,
            40.821536
          ]
        ]
      }
    },
    {
      "type": "Feature",
      "properties": {
        "名前": "桜川団地線",
        "ステータス": "作業予定あり（直近の作業日程が予定されているもの）",
        "直近作業予定日": "2月11日 作業予定",
        "指令": "継続指令",
        "更新日時": "2月11日 19:00 現在",
        "最終除雪日": "2月7日",
        "最終除雪日時": "2026-02-07 06:21:13",
        "指令継続": "8日17時間",
        "指令開始日時": "2026-02-03 20:35:45"
      },
      "geometry": {
        "type": "LineString",
        "coordinates": [
          [
            140.767793,
            40.818597
          ],
          [
            140.767938,
            40.81836
          ],
          [
            140.768048,
            40.818298
          ],
          [
            140.768228,
            40.818056
          ],
          [
            140.768463,
            40.817735
          ],
          [
            140.768822,
            40.817242
          ],
          [
            140.768912,
            40.817131
          ]
        ]
      }
    },
    {
      "type": "Feature",
      "properties": {
        "名前": "奥州街道",
        "ステータス": "現場確認中（現場確認中のもの）",
        "直近作業予定日": "-",
        "指令": "－",
        "更新日時": "2月11日 19:00 現在",
        "最終除雪日": "2月11日",
        "最終除雪日時": "2026-02-11 06:34:15"
      },
      "geometry": {
        "type": "LineString",
        "coordinates": [
          [
            140.779064,
            40.827784
          ],
          [
            140.778586,
            40.827695
          ],
          [
            140.777903,
            40.827553
          ],
          [
            140.777178,
            40.827396
          ],
          [
            140.776494,
            40.827259
          ]
        ]
      }
    },
    {
      "type": "Feature",
      "properties": {
        "名前": "奥州街道",
        "ステータス": "現場確認中（現場確認中のもの）",
        "直近作業予定日": "-",
        "指令": "－",
        "更新日時": "2月11日 19:00 現在",
        "最終除雪日": "2月11日",
        "最終除雪日時": "2026-02-11 06:34:15"
      },
      "geometry": {
        "type": "LineString",
        "coordinates": [
          [
            140.777178,
            40.82739
          ],
          [
            140.777385,
            40.826786
          ]
        ]
      }
    },
    {
      "type": "Feature",
      "properties": {
        "名前": "奥州街道",
        "ステータス": "現場確認中（現場確認中のもの）",
        "直近作業予定日": "-",
        "指令": "－",
        "更新日時": "2月11日 19:00 現在",
        "最終除雪日": "2月11日",
        "最終除雪日時": "2026-02-11 06:34:15"
      },
      "geometry": {
        "type": "LineString",
        "coordinates": [
          [
            140.775862,
            40.829448
          ],
          [
            140.776667,
            40.826635
          ]
        ]
      }
    },
    {
      "type": "Feature",
      "properties": {
        "名前": "奥州街道",
        "ステータス": "現場確認中（現場確認中のもの）",
        "直近作業予定日": "-",
        "指令": "－",
        "更新日時": "2月11日 19:00 現在",
        "最終除雪日": "2月11日",
        "最終除雪日時": "2026-02-11 06:34:15"
      },
      "geometry": {
        "type": "LineString",
        "coordinates": [
          [
            140.781991,
            40.828048
          ],
          [
            140.781909,
            40.828426
          ],
          [
            140.78184,
            40.828499
          ],
          [
            140.781591,
            40.828915
          ],
          [
            140.78146,
            40.82914
          ],
          [
            140.781439,
            40.82923
          ],
          [
            140.781501,
            40.829571
          ],
          [
            140.781619,
            40.829913
          ],
          [
            140.781667,
            40.830049
          ],
          [
            140.781619,
            40.830313
          ],
          [
            140.781605,
            40.830454
          ],
          [
            140.782075,
            40.830549
          ],
          [
            140.782778,
            40.830696
          ],
          [
            140.783331,
            40.830801
          ],
          [
            140.783856,
            40.830907
          ],
          [
            140.784188,
            40.830985
          ],
          [
            140.784623,
            40.83109
          ],
          [
            140.785223,
            40.831248
          ],
          [
            140.785603,
            40.831327
          ],
          [
            140.786032,
            40.831426
          ],
          [
            140.786398,
            40.831527
          ],
          [
            140.786888,
            40.831647
          ],
          [
            140.787378,
            40.831758
          ],
          [
            140.787683,
            40.831837
          ],
          [
            140.788141,
            40.831947
          ],
          [
            140.788804,
            40.832108
          ],
          [
            140.788919,
            40.831801
          ]
        ]
      }
    },
    {
      "type": "Feature",
      "properties": {
        "名前": "奥州街道",
        "ステータス": "現場確認中（現場確認中のもの）",
        "直近作業予定日": "-",
        "指令": "－",
        "更新日時": "2月11日 19:00 現在",
        "最終除雪日": "2月11日",
        "最終除雪日時": "2026-02-11 06:34:15"
      },
      "geometry": {
        "type": "LineString",
        "coordinates": [
          [
            140.781826,
            40.828478
          ],
          [
            140.781321,
            40.828373
          ],
          [
            140.780796,
            40.828252
          ],
          [
            140.780514,
            40.8282
          ],
          [
            140.779968,
            40.828079
          ],
          [
            140.779064,
            40.827895
          ],
          [
            140.779153,
            40.827558
          ],
          [
            140.779237,
            40.827296
          ],
          [
            140.77927,
            40.827191
          ]
        ]
      }
    },
    {
      "type": "Feature",
      "properties": {
        "名前": "浜館地区線",
        "ステータス": "現場確認中（現場確認中のもの）",
        "直近作業予定日": "-",
        "指令": "－",
        "更新日時": "2月11日 19:00 現在",
        "最終除雪日": "2月11日",
        "最終除雪日時": "2026-02-11 06:34:15"
      },
      "geometry": {
        "type": "LineString",
        "coordinates": [
          [
            140.791443,
            40.810899
          ],
          [
            140.791729,
            40.811018
          ],
          [
            140.792048,
            40.811187
          ],
          [
            140.792632,
            40.811731
          ],
          [
            140.793247,
            40.812409
          ],
          [
            140.793633,
            40.812684
          ],
          [
            140.794333,
            40.813052
          ],
          [
            140.795345,
            40.813565
          ],
          [
            140.796974,
            40.814271
          ],
          [
            140.798011,
            40.814711
          ],
          [
            140.798253,
            40.814418
          ],
          [
            140.798517,
            40.814023
          ],
          [
            140.798844,
            40.813629
          ],
          [
            140.799194,
            40.813162
          ]
        ]
      }
    },
    {
      "type": "Feature",
      "properties": {
        "名前": "浜館地区線",
        "ステータス": "現場確認中（現場確認中のもの）",
        "直近作業予定日": "-",
        "指令": "－",
        "更新日時": "2月11日 19:00 現在",
        "最終除雪日": "2月11日",
        "最終除雪日時": "2026-02-11 06:34:15"
      },
      "geometry": {
        "type": "LineString",
        "coordinates": [
          [
            140.792622,
            40.818699
          ],
          [
            140.79269,
            40.818626
          ],
          [
            140.792843,
            40.818421
          ],
          [
            140.792995,
            40.818184
          ],
          [
            140.793092,
            40.818011
          ],
          [
            140.793147,
            40.81798
          ],
          [
            140.793237,
            40.817801
          ],
          [
            140.793382,
            40.817529
          ],
          [
            140.793452,
            40.817403
          ],
          [
            140.793562,
            40.81723
          ],
          [
            140.793611,
            40.817114
          ],
          [
            140.7937,
            40.816909
          ],
          [
            140.793749,
            40.816815
          ],
          [
            140.793943,
            40.816599
          ],
          [
            140.794135,
            40.816405
          ],
          [
            140.794315,
            40.816248
          ],
          [
            140.794592,
            40.815991
          ],
          [
            140.794779,
            40.815802
          ],
          [
            140.795014,
            40.815592
          ],
          [
            140.795159,
            40.815387
          ],
          [
            140.795242,
            40.815067
          ],
          [
            140.795255,
            40.814999
          ],
          [
            140.795359,
            40.814636
          ],
          [
            140.795463,
            40.814301
          ],
          [
            140.795525,
            40.81409
          ],
          [
            140.795664,
            40.813781
          ],
          [
            140.795712,
            40.813728
          ],
          [
            140.79574,
            40.81367
          ],
          [
            140.795982,
            40.813277
          ],
          [
            140.796154,
            40.813003
          ],
          [
            140.796224,
            40.812767
          ],
          [
            140.796258,
            40.812599
          ],
          [
            140.7963,
            40.812295
          ],
          [
            140.796307,
            40.812069
          ],
          [
            140.796314,
            40.811812
          ],
          [
            140.796307,
            40.811361
          ],
          [
            140.7963,
            40.811203
          ],
          [
            140.796375,
            40.811041
          ],
          [
            140.796555,
            40.810777
          ],
          [
            140.796735,
            40.810547
          ],
          [
            140.797025,
            40.810127
          ],
          [
            140.797137,
            40.810001
          ],
          [
            140.797219,
            40.80988
          ],
          [
            140.797454,
            40.809612
          ],
          [
            140.797683,
            40.809334
          ],
          [
            140.798014,
            40.809045
          ],
          [
            140.798305,
            40.808835
          ],
          [
            140.798484,
            40.808678
          ],
          [
            140.798762,
            40.808441
          ],
          [
            140.798967,
            40.808231
          ],
          [
            140.799148,
            40.808069
          ],
          [
            140.799238,
            40.80798
          ],
          [
            140.799507,
            40.807833
          ],
          [
            140.799735,
            40.807706
          ],
          [
            140.799964,
            40.807601
          ],
          [
            140.800234,
            40.807496
          ],
          [
            140.800353,
            40.807468
          ],
          [
            140.800475,
            40.807451
          ],
          [
            140.800794,
            40.807329
          ],
          [
            140.801056,
            40.807229
          ],
          [
            140.801692,
            40.806951
          ],
          [
            140.802294,
            40.806704
          ]
        ]
      }
    },
    {
      "type": "Feature",
      "properties": {
        "名前": "浜館地区線",
        "ステータス": "現場確認中（現場確認中のもの）",
        "直近作業予定日": "-",
        "指令": "－",
        "更新日時": "2月11日 19:00 現在",
        "最終除雪日": "2月11日",
        "最終除雪日時": "2026-02-11 06:34:15"
      },
      "geometry": {
        "type": "LineString",
        "coordinates": [
          [
            140.781003,
            40.805023
          ],
          [
            140.781867,
            40.805262
          ],
          [
            140.782219,
            40.805364
          ],
          [
            140.782561,
            40.805458
          ],
          [
            140.783077,
            40.805598
          ],
          [
            140.78339,
            40.805684
          ],
          [
            140.783721,
            40.805773
          ],
          [
            140.784169,
            40.805906
          ],
          [
            140.784584,
            40.806025
          ],
          [
            140.785054,
            40.806169
          ],
          [
            140.785329,
            40.806259
          ],
          [
            140.785732,
            40.806451
          ],
          [
            140.786034,
            40.806608
          ],
          [
            140.786673,
            40.806928
          ],
          [
            140.787216,
            40.807191
          ],
          [
            140.787833,
            40.807494
          ],
          [
            140.78822,
            40.807681
          ],
          [
            140.788568,
            40.807856
          ],
          [
            140.789087,
            40.808095
          ],
          [
            140.789604,
            40.808393
          ],
          [
            140.790033,
            40.808611
          ],
          [
            140.790572,
            40.808873
          ],
          [
            140.791312,
            40.809228
          ],
          [
            140.791869,
            40.8095
          ],
          [
            140.792127,
            40.809695
          ],
          [
            140.792937,
            40.810047
          ],
          [
            140.793524,
            40.810325
          ],
          [
            140.793812,
            40.810459
          ],
          [
            140.79423,
            40.810655
          ],
          [
            140.794533,
            40.810825
          ],
          [
            140.794864,
            40.810991
          ],
          [
            140.795312,
            40.811226
          ],
          [
            140.795688,
            40.811417
          ],
          [
            140.796404,
            40.811787
          ],
          [
            140.797047,
            40.812097
          ],
          [
            140.797558,
            40.812354
          ],
          [
            140.798125,
            40.812628
          ],
          [
            140.798768,
            40.812953
          ],
          [
            140.799189,
            40.813158
          ],
          [
            140.799576,
            40.813363
          ],
          [
            140.799999,
            40.813573
          ],
          [
            140.800309,
            40.813784
          ],
          [
            140.800662,
            40.814073
          ],
          [
            140.800884,
            40.814315
          ],
          [
            140.801174,
            40.814651
          ],
          [
            140.801305,
            40.814804
          ]
        ]
      }
    },
    {
      "type": "Feature",
      "properties": {
        "名前": "浜館地区線",
        "ステータス": "現場確認中（現場確認中のもの）",
        "直近作業予定日": "-",
        "指令": "－",
        "更新日時": "2月11日 19:00 現在",
        "最終除雪日": "2月11日",
        "最終除雪日時": "2026-02-11 06:34:15"
      },
      "geometry": {
        "type": "LineString",
        "coordinates": [
          [
            140.784492,
            40.810845
          ],
          [
            140.786706,
            40.806918
          ]
        ]
      }
    },
    {
      "type": "Feature",
      "properties": {
        "名前": "浜館地区線",
        "ステータス": "現場確認中（現場確認中のもの）",
        "直近作業予定日": "-",
        "指令": "－",
        "更新日時": "2月11日 19:00 現在",
        "最終除雪日": "2月11日",
        "最終除雪日時": "2026-02-11 06:34:15"
      },
      "geometry": {
        "type": "LineString",
        "coordinates": [
          [
            140.792807,
            40.806986
          ],
          [
            140.793793,
            40.807607
          ],
          [
            140.794597,
            40.808115
          ],
          [
            140.79536,
            40.808584
          ],
          [
            140.796073,
            40.809159
          ],
          [
            140.796984,
            40.809834
          ],
          [
            140.797154,
            40.809952
          ]
        ]
      }
    },
    {
      "type": "Feature",
      "properties": {
        "名前": "浜館地区線",
        "ステータス": "現場確認中（現場確認中のもの）",
        "直近作業予定日": "-",
        "指令": "－",
        "更新日時": "2月11日 19:00 現在",
        "最終除雪日": "2月11日",
        "最終除雪日時": "2026-02-11 06:34:15"
      },
      "geometry": {
        "type": "LineString",
        "coordinates": [
          [
            140.794147,
            40.807821
          ],
          [
            140.794179,
            40.807951
          ],
          [
            140.79428,
            40.808092
          ],
          [
            140.794357,
            40.808179
          ],
          [
            140.794505,
            40.808274
          ],
          [
            140.794682,
            40.808391
          ],
          [
            140.794883,
            40.808555
          ],
          [
            140.795053,
            40.808702
          ],
          [
            140.795238,
            40.808843
          ],
          [
            140.795415,
            40.808913
          ],
          [
            140.795547,
            40.808948
          ],
          [
            140.795648,
            40.808943
          ],
          [
            140.795709,
            40.808919
          ]
        ]
      }
    },
    {
      "type": "Feature",
      "properties": {
        "名前": "浜館地区線",
        "ステータス": "現場確認中（現場確認中のもの）",
        "直近作業予定日": "-",
        "指令": "－",
        "更新日時": "2月11日 19:00 現在",
        "最終除雪日": "2月11日",
        "最終除雪日時": "2026-02-11 06:34:15"
      },
      "geometry": {
        "type": "LineString",
        "coordinates": [
          [
            140.783033,
            40.80772
          ],
          [
            140.784138,
            40.808144
          ],
          [
            140.785399,
            40.808688
          ],
          [
            140.786479,
            40.809121
          ],
          [
            140.787587,
            40.809572
          ],
          [
            140.788433,
            40.809888
          ],
          [
            140.789299,
            40.81025
          ],
          [
            140.790078,
            40.81057
          ],
          [
            140.790497,
            40.810689
          ],
          [
            140.790813,
            40.810767
          ],
          [
            140.791408,
            40.810893
          ]
        ]
      }
    },
    {
      "type": "Feature",
      "properties": {
        "名前": "浜館地区線",
        "ステータス": "現場確認中（現場確認中のもの）",
        "直近作業予定日": "-",
        "指令": "－",
        "更新日時": "2月11日 19:00 現在",
        "最終除雪日": "2月11日",
        "最終除雪日時": "2026-02-11 06:34:15"
      },
      "geometry": {
        "type": "LineString",
        "coordinates": [
          [
            140.783827,
            40.80582
          ],
          [
            140.783453,
            40.806669
          ],
          [
            140.783148,
            40.807306
          ],
          [
            140.782823,
            40.808105
          ],
          [
            140.782473,
            40.808963
          ],
          [
            140.782199,
            40.809703
          ],
          [
            140.782213,
            40.809733
          ],
          [
            140.783031,
            40.810177
          ],
          [
            140.783556,
            40.810419
          ],
          [
            140.784058,
            40.810665
          ],
          [
            140.784476,
            40.81084
          ]
        ]
      }
    },
    {
      "type": "Feature",
      "properties": {
        "名前": "浪打戸山線",
        "ステータス": "現場確認中（現場確認中のもの）",
        "直近作業予定日": "-",
        "指令": "－",
        "更新日時": "2月11日 19:00 現在"
      },
      "geometry": {
        "type": "LineString",
        "coordinates": [
          [
            140.796081,
            40.798739
          ],
          [
            140.796266,
            40.798481
          ],
          [
            140.796513,
            40.798111
          ],
          [
            140.79673,
            40.797789
          ],
          [
            140.79683,
            40.797571
          ],
          [
            140.796999,
            40.797226
          ],
          [
            140.797123,
            40.796944
          ],
          [
            140.797201,
            40.796709
          ],
          [
            140.797278,
            40.796451
          ],
          [
            140.797325,
            40.796246
          ],
          [
            140.797425,
            40.795982
          ],
          [
            140.797557,
            40.795765
          ],
          [
            140.797703,
            40.795571
          ],
          [
            140.798043,
            40.795219
          ],
          [
            140.798614,
            40.794673
          ],
          [
            140.798986,
            40.794374
          ],
          [
            140.799357,
            40.794069
          ],
          [
            140.799635,
            40.793863
          ],
          [
            140.799983,
            40.7936
          ],
          [
            140.800415,
            40.793277
          ],
          [
            140.801033,
            40.792813
          ],
          [
            140.801436,
            40.792526
          ],
          [
            140.801853,
            40.792203
          ],
          [
            140.802193,
            40.791946
          ],
          [
            140.80288,
            40.791429
          ],
          [
            140.803359,
            40.791082
          ],
          [
            140.80373,
            40.790801
          ],
          [
            140.80417,
            40.790502
          ],
          [
            140.804503,
            40.790255
          ],
          [
            140.804827,
            40.790033
          ],
          [
            140.805375,
            40.789734
          ],
          [
            140.805885,
            40.789452
          ],
          [
            140.806473,
            40.789123
          ],
          [
            140.806968,
            40.788865
          ],
          [
            140.807439,
            40.788595
          ],
          [
            140.807643,
            40.788446
          ],
          [
            140.807841,
            40.788275
          ],
          [
            140.807999,
            40.788096
          ],
          [
            140.808093,
            40.787967
          ],
          [
            140.808145,
            40.787767
          ],
          [
            140.808452,
            40.787474
          ],
          [
            140.808704,
            40.787318
          ]
        ]
      }
    },
    {
      "type": "Feature",
      "properties": {
        "名前": "幸畑団地線",
        "ステータス": "現場確認中（現場確認中のもの）",
        "直近作業予定日": "-",
        "指令": "－",
        "更新日時": "2月11日 19:00 現在",
        "最終除雪日": "2月11日",
        "最終除雪日時": "2026-02-11 06:34:15"
      },
      "geometry": {
        "type": "LineString",
        "coordinates": [
          [
            140.776239,
            40.782919
          ],
          [
            140.776749,
            40.782549
          ],
          [
            140.777368,
            40.782121
          ],
          [
            140.778063,
            40.781657
          ],
          [
            140.77821,
            40.781562
          ],
          [
            140.778565,
            40.781381
          ],
          [
            140.778835,
            40.781286
          ],
          [
            140.779122,
            40.781233
          ],
          [
            140.779617,
            40.78121
          ],
          [
            140.780272,
            40.781169
          ],
          [
            140.781193,
            40.781163
          ],
          [
            140.781424,
            40.781169
          ],
          [
            140.781841,
            40.781234
          ],
          [
            140.782143,
            40.78131
          ],
          [
            140.782529,
            40.781486
          ],
          [
            140.78283,
            40.781639
          ],
          [
            140.783162,
            40.781833
          ],
          [
            140.783502,
            40.782015
          ],
          [
            140.783789,
            40.782191
          ],
          [
            140.78402,
            40.782321
          ],
          [
            140.784206,
            40.782485
          ],
          [
            140.784267,
            40.78255
          ],
          [
            140.784391,
            40.782861
          ],
          [
            140.784376,
            40.783507
          ],
          [
            140.784384,
            40.783607
          ],
          [
            140.784321,
            40.783871
          ],
          [
            140.783927,
            40.784283
          ],
          [
            140.783487,
            40.784664
          ],
          [
            140.782961,
            40.785128
          ],
          [
            140.782421,
            40.785616
          ]
        ]
      }
    },
    {
      "type": "Feature",
      "properties": {
        "名前": "石江地区線",
        "ステータス": "現場確認中（現場確認中のもの）",
        "直近作業予定日": "-",
        "指令": "－",
        "更新日時": "2月11日 19:00 現在",
        "最終除雪日": "2月7日",
        "最終除雪日時": "2026-02-07 06:21:13"
      },
      "geometry": {
        "type": "LineString",
        "coordinates": [
          [
            140.693973,
            40.82767
          ],
          [
            140.693987,
            40.827855
          ],
          [
            140.69401,
            40.827981
          ],
          [
            140.694386,
            40.828447
          ],
          [
            140.694492,
            40.828475
          ],
          [
            140.694634,
            40.828478
          ],
          [
            140.694763,
            40.828412
          ],
          [
            140.694714,
            40.827937
          ],
          [
            140.694682,
            40.827867
          ],
          [
            140.694571,
            40.827828
          ],
          [
            140.694484,
            40.827849
          ],
          [
            140.694392,
            40.827884
          ],
          [
            140.694323,
            40.827922
          ],
          [
            140.694212,
            40.827929
          ],
          [
            140.694111,
            40.827919
          ],
          [
            140.694056,
            40.827835
          ],
          [
            140.694042,
            40.827667
          ]
        ]
      }
    },
    {
      "type": "Feature",
      "properties": {
        "名前": "石江地区線",
        "ステータス": "現場確認中（現場確認中のもの）",
        "直近作業予定日": "-",
        "指令": "－",
        "更新日時": "2月11日 19:00 現在",
        "最終除雪日": "2月7日",
        "最終除雪日時": "2026-02-07 06:21:13"
      },
      "geometry": {
        "type": "LineString",
        "coordinates": [
          [
            140.695623,
            40.833315
          ],
          [
            140.695307,
            40.830409
          ],
          [
            140.695121,
            40.828772
          ],
          [
            140.695039,
            40.828117
          ],
          [
            140.694956,
            40.827567
          ]
        ]
      }
    },
    {
      "type": "Feature",
      "properties": {
        "名前": "石江地区線",
        "ステータス": "現場確認中（現場確認中のもの）",
        "直近作業予定日": "-",
        "指令": "－",
        "更新日時": "2月11日 19:00 現在",
        "最終除雪日": "2月7日",
        "最終除雪日時": "2026-02-07 06:21:13"
      },
      "geometry": {
        "type": "LineString",
        "coordinates": [
          [
            140.695431,
            40.831932
          ],
          [
            140.694039,
            40.832036
          ],
          [
            140.692463,
            40.832144
          ],
          [
            140.692374,
            40.832127
          ],
          [
            140.692319,
            40.832093
          ],
          [
            140.69228,
            40.832055
          ],
          [
            140.692258,
            40.831983
          ],
          [
            140.691743,
            40.827783
          ],
          [
            140.696404,
            40.827459
          ]
        ]
      }
    },
    {
      "type": "Feature",
      "properties": {
        "名前": "石江地区線",
        "ステータス": "現場確認中（現場確認中のもの）",
        "直近作業予定日": "-",
        "指令": "－",
        "更新日時": "2月11日 19:00 現在",
        "最終除雪日": "2月7日",
        "最終除雪日時": "2026-02-07 06:21:13"
      },
      "geometry": {
        "type": "LineString",
        "coordinates": [
          [
            140.690256,
            40.833338
          ],
          [
            140.689861,
            40.830775
          ],
          [
            140.691849,
            40.830667
          ],
          [
            140.692199,
            40.830634
          ],
          [
            140.695262,
            40.830422
          ]
        ]
      }
    },
    {
      "type": "Feature",
      "properties": {
        "名前": "石江地区線",
        "ステータス": "現場確認中（現場確認中のもの）",
        "直近作業予定日": "-",
        "指令": "－",
        "更新日時": "2月11日 19:00 現在",
        "最終除雪日": "2月7日",
        "最終除雪日時": "2026-02-07 06:21:13"
      },
      "geometry": {
        "type": "LineString",
        "coordinates": [
          [
            140.703137,
            40.828647
          ],
          [
            140.703506,
            40.828384
          ],
          [
            140.704456,
            40.827082
          ],
          [
            140.704105,
            40.826946
          ],
          [
            140.703164,
            40.828276
          ],
          [
            140.703092,
            40.828623
          ]
        ]
      }
    },
    {
      "type": "Feature",
      "properties": {
        "名前": "石江地区線",
        "ステータス": "現場確認中（現場確認中のもの）",
        "直近作業予定日": "-",
        "指令": "－",
        "更新日時": "2月11日 19:00 現在",
        "最終除雪日": "2月7日",
        "最終除雪日時": "2026-02-07 06:21:13"
      },
      "geometry": {
        "type": "LineString",
        "coordinates": [
          [
            140.709556,
            40.817899
          ],
          [
            140.710464,
            40.818375
          ],
          [
            140.710172,
            40.818749
          ],
          [
            140.704016,
            40.827382
          ],
          [
            140.703575,
            40.827959
          ],
          [
            140.703165,
            40.828563
          ],
          [
            140.702532,
            40.829427
          ],
          [
            140.702091,
            40.830017
          ],
          [
            140.701667,
            40.830611
          ],
          [
            140.701484,
            40.830935
          ],
          [
            140.701355,
            40.831208
          ],
          [
            140.701229,
            40.831762
          ],
          [
            140.701112,
            40.832319
          ]
        ]
      }
    },
    {
      "type": "Feature",
      "properties": {
        "名前": "石江地区線",
        "ステータス": "現場確認中（現場確認中のもの）",
        "直近作業予定日": "-",
        "指令": "－",
        "更新日時": "2月11日 19:00 現在",
        "最終除雪日": "2月7日",
        "最終除雪日時": "2026-02-07 06:21:13"
      },
      "geometry": {
        "type": "LineString",
        "coordinates": [
          [
            140.694553,
            40.828819
          ],
          [
            140.694541,
            40.828623
          ],
          [
            140.694052,
            40.828652
          ],
          [
            140.69407,
            40.828843
          ],
          [
            140.694556,
            40.828822
          ],
          [
            140.694346,
            40.828628
          ],
          [
            140.694266,
            40.828634
          ],
          [
            140.694464,
            40.828824
          ],
          [
            140.69436,
            40.828826
          ],
          [
            140.694171,
            40.828645
          ],
          [
            140.6941,
            40.828641
          ],
          [
            140.694292,
            40.828832
          ],
          [
            140.694182,
            40.828837
          ],
          [
            140.694049,
            40.828711
          ]
        ]
      }
    },
    {
      "type": "Feature",
      "properties": {
        "名前": "石江地区線",
        "ステータス": "現場確認中（現場確認中のもの）",
        "直近作業予定日": "-",
        "指令": "－",
        "更新日時": "2月11日 19:00 現在",
        "最終除雪日": "2月7日",
        "最終除雪日時": "2026-02-07 06:21:13"
      },
      "geometry": {
        "type": "LineString",
        "coordinates": [
          [
            140.694071,
            40.827959
          ],
          [
            140.694083,
            40.828098
          ],
          [
            140.694418,
            40.828408
          ],
          [
            140.694759,
            40.828391
          ],
          [
            140.694623,
            40.827946
          ],
          [
            140.69454,
            40.827914
          ],
          [
            140.694196,
            40.82795
          ],
          [
            140.69408,
            40.828058
          ],
          [
            140.69413,
            40.828146
          ],
          [
            140.694386,
            40.827925
          ],
          [
            140.694475,
            40.827921
          ],
          [
            140.694193,
            40.828204
          ],
          [
            140.694296,
            40.82831
          ],
          [
            140.694617,
            40.827968
          ],
          [
            140.694637,
            40.828115
          ],
          [
            140.694388,
            40.828396
          ],
          [
            140.694524,
            40.828433
          ],
          [
            140.694619,
            40.828457
          ]
        ]
      }
    },
    {
      "type": "Feature",
      "properties": {
        "名前": "石江地区線",
        "ステータス": "現場確認中（現場確認中のもの）",
        "直近作業予定日": "-",
        "指令": "－",
        "更新日時": "2月11日 19:00 現在",
        "最終除雪日": "2月7日",
        "最終除雪日時": "2026-02-07 06:21:13"
      },
      "geometry": {
        "type": "LineString",
        "coordinates": [
          [
            140.705375,
            40.825478
          ],
          [
            140.705014,
            40.825677
          ],
          [
            140.704461,
            40.82645
          ],
          [
            140.704795,
            40.826582
          ],
          [
            140.705347,
            40.825826
          ],
          [
            140.705419,
            40.825472
          ]
        ]
      }
    },
    {
      "type": "Feature",
      "properties": {
        "名前": "石江地区線",
        "ステータス": "現場確認中（現場確認中のもの）",
        "直近作業予定日": "-",
        "指令": "－",
        "更新日時": "2月11日 19:00 現在",
        "最終除雪日": "2月7日",
        "最終除雪日時": "2026-02-07 06:21:13"
      },
      "geometry": {
        "type": "LineString",
        "coordinates": [
          [
            140.695062,
            40.828549
          ],
          [
            140.694455,
            40.82859
          ],
          [
            140.694303,
            40.828583
          ],
          [
            140.693999,
            40.8286
          ],
          [
            140.693962,
            40.828663
          ],
          [
            140.693934,
            40.828733
          ],
          [
            140.693943,
            40.828796
          ],
          [
            140.693966,
            40.828865
          ],
          [
            140.694049,
            40.828908
          ],
          [
            140.694592,
            40.82888
          ],
          [
            140.694648,
            40.828747
          ],
          [
            140.694735,
            40.828601
          ],
          [
            140.695076,
            40.828587
          ]
        ]
      }
    },
    {
      "type": "Feature",
      "properties": {
        "名前": "奥野地区線",
        "ステータス": "現場確認中（現場確認中のもの）",
        "直近作業予定日": "-",
        "指令": "－",
        "更新日時": "2月11日 19:00 現在",
        "最終除雪日": "2月11日",
        "最終除雪日時": "2026-02-11 06:34:15"
      },
      "geometry": {
        "type": "LineString",
        "coordinates": [
          [
            140.741012,
            40.80693
          ],
          [
            140.741596,
            40.80674
          ],
          [
            140.742117,
            40.806559
          ],
          [
            140.742527,
            40.806418
          ],
          [
            140.742882,
            40.80631
          ],
          [
            140.743401,
            40.806154
          ],
          [
            140.74378,
            40.806047
          ],
          [
            140.744269,
            40.805959
          ],
          [
            140.744648,
            40.80593
          ],
          [
            140.745085,
            40.805876
          ],
          [
            140.745574,
            40.805842
          ],
          [
            140.746267,
            40.805774
          ],
          [
            140.747577,
            40.805676
          ],
          [
            140.748355,
            40.805612
          ],
          [
            140.748953,
            40.805559
          ],
          [
            140.749762,
            40.805486
          ],
          [
            140.750495,
            40.805422
          ],
          [
            140.751112,
            40.805373
          ],
          [
            140.751587,
            40.80533
          ],
          [
            140.752301,
            40.805281
          ],
          [
            140.752833,
            40.805233
          ],
          [
            140.753514,
            40.805173
          ],
          [
            140.754003,
            40.805134
          ],
          [
            140.754582,
            40.805086
          ],
          [
            140.755147,
            40.805037
          ],
          [
            140.755417,
            40.805023
          ]
        ]
      }
    },
    {
      "type": "Feature",
      "properties": {
        "名前": "奥野地区線",
        "ステータス": "現場確認中（現場確認中のもの）",
        "直近作業予定日": "-",
        "指令": "－",
        "更新日時": "2月11日 19:00 現在",
        "最終除雪日": "2月11日",
        "最終除雪日時": "2026-02-11 06:34:15"
      },
      "geometry": {
        "type": "LineString",
        "coordinates": [
          [
            140.745194,
            40.805891
          ],
          [
            140.745349,
            40.806896
          ],
          [
            140.745425,
            40.807437
          ],
          [
            140.745496,
            40.807954
          ],
          [
            140.745567,
            40.808413
          ],
          [
            140.745631,
            40.808799
          ],
          [
            140.745689,
            40.809311
          ],
          [
            140.745746,
            40.809696
          ],
          [
            140.745844,
            40.81036
          ],
          [
            140.745913,
            40.810887
          ],
          [
            140.745959,
            40.811228
          ],
          [
            140.746049,
            40.811877
          ],
          [
            140.74612,
            40.812326
          ],
          [
            140.746177,
            40.812775
          ]
        ]
      }
    },
    {
      "type": "Feature",
      "properties": {
        "名前": "奥野地区線",
        "ステータス": "現場確認中（現場確認中のもの）",
        "直近作業予定日": "-",
        "指令": "－",
        "更新日時": "2月11日 19:00 現在",
        "最終除雪日": "2月11日",
        "最終除雪日時": "2026-02-11 06:34:15"
      },
      "geometry": {
        "type": "LineString",
        "coordinates": [
          [
            140.750572,
            40.805437
          ],
          [
            140.750656,
            40.806003
          ],
          [
            140.750732,
            40.806471
          ],
          [
            140.750777,
            40.806871
          ],
          [
            140.750842,
            40.807233
          ],
          [
            140.750919,
            40.807828
          ],
          [
            140.750964,
            40.808135
          ],
          [
            140.751022,
            40.808487
          ],
          [
            140.751098,
            40.808965
          ],
          [
            140.751169,
            40.809482
          ],
          [
            140.751241,
            40.810004
          ],
          [
            140.751304,
            40.810438
          ],
          [
            140.751356,
            40.810726
          ],
          [
            140.75142,
            40.811199
          ],
          [
            140.751452,
            40.811502
          ],
          [
            140.751491,
            40.811731
          ],
          [
            140.751523,
            40.811961
          ]
        ]
      }
    },
    {
      "type": "Feature",
      "properties": {
        "名前": "奥野地区線",
        "ステータス": "現場確認中（現場確認中のもの）",
        "直近作業予定日": "-",
        "指令": "－",
        "更新日時": "2月11日 19:00 現在",
        "最終除雪日": "2月11日",
        "最終除雪日時": "2026-02-11 06:34:15"
      },
      "geometry": {
        "type": "LineString",
        "coordinates": [
          [
            140.74175,
            40.810379
          ],
          [
            140.742335,
            40.810243
          ],
          [
            140.743247,
            40.810024
          ],
          [
            140.743825,
            40.809896
          ],
          [
            140.744494,
            40.809745
          ],
          [
            140.745252,
            40.809584
          ],
          [
            140.745676,
            40.809482
          ],
          [
            140.746145,
            40.809384
          ],
          [
            140.746704,
            40.809272
          ],
          [
            140.747141,
            40.809184
          ],
          [
            140.747495,
            40.809111
          ],
          [
            140.747681,
            40.809081
          ],
          [
            140.748233,
            40.80896
          ],
          [
            140.748959,
            40.808813
          ],
          [
            140.749275,
            40.808745
          ],
          [
            140.749743,
            40.808647
          ],
          [
            140.7502,
            40.808555
          ],
          [
            140.750443,
            40.808521
          ],
          [
            140.751035,
            40.808453
          ],
          [
            140.751343,
            40.808438
          ],
          [
            140.751992,
            40.808432
          ],
          [
            140.752512,
            40.808418
          ],
          [
            140.752923,
            40.808418
          ],
          [
            140.753148,
            40.808418
          ],
          [
            140.753566,
            40.808429
          ],
          [
            140.753971,
            40.808429
          ],
          [
            140.754132,
            40.808432
          ]
        ]
      }
    },
    {
      "type": "Feature",
      "properties": {
        "名前": "奥野地区線",
        "ステータス": "現場確認中（現場確認中のもの）",
        "直近作業予定日": "-",
        "指令": "－",
        "更新日時": "2月11日 19:00 現在",
        "最終除雪日": "2月11日",
        "最終除雪日時": "2026-02-11 06:34:15"
      },
      "geometry": {
        "type": "LineString",
        "coordinates": [
          [
            140.745445,
            40.807843
          ],
          [
            140.744596,
            40.807916
          ],
          [
            140.743774,
            40.807969
          ],
          [
            140.7431,
            40.808022
          ],
          [
            140.742599,
            40.808071
          ],
          [
            140.741994,
            40.808111
          ],
          [
            140.741275,
            40.808169
          ]
        ]
      }
    },
    {
      "type": "Feature",
      "properties": {
        "名前": "奥野地区線",
        "ステータス": "現場確認中（現場確認中のもの）",
        "直近作業予定日": "-",
        "指令": "－",
        "更新日時": "2月11日 19:00 現在",
        "最終除雪日": "2月11日",
        "最終除雪日時": "2026-02-11 06:34:15"
      },
      "geometry": {
        "type": "LineString",
        "coordinates": [
          [
            140.751253,
            40.809999
          ],
          [
            140.751689,
            40.809985
          ],
          [
            140.752049,
            40.809985
          ],
          [
            140.752474,
            40.810121
          ],
          [
            140.752757,
            40.810199
          ],
          [
            140.753154,
            40.810292
          ],
          [
            140.753424,
            40.810326
          ]
        ]
      }
    },
    {
      "type": "Feature",
      "properties": {
        "名前": "浜田大野線",
        "ステータス": "作業予定あり（直近の作業日程が予定されているもの）",
        "直近作業予定日": "2月11日 作業予定",
        "指令": "継続指令",
        "更新日時": "2月11日 19:00 現在",
        "最終除雪日": "2月7日",
        "最終除雪日時": "2026-02-07 06:21:13",
        "指令継続": "8日17時間",
        "指令開始日時": "2026-02-03 20:35:45"
      },
      "geometry": {
        "type": "LineString",
        "coordinates": [
          [
            140.743101,
            40.800338
          ],
          [
            140.743028,
            40.799705
          ],
          [
            140.742871,
            40.798603
          ],
          [
            140.743936,
            40.798501
          ],
          [
            140.745044,
            40.798423
          ],
          [
            140.745956,
            40.798373
          ],
          [
            140.74718,
            40.798327
          ],
          [
            140.747835,
            40.798304
          ],
          [
            140.748772,
            40.798263
          ],
          [
            140.749029,
            40.798259
          ],
          [
            140.749225,
            40.798273
          ],
          [
            140.749439,
            40.798343
          ],
          [
            140.749586,
            40.798431
          ],
          [
            140.749739,
            40.798589
          ],
          [
            140.749891,
            40.798794
          ],
          [
            140.749953,
            40.798887
          ],
          [
            140.750008,
            40.798999
          ],
          [
            140.750044,
            40.79918
          ],
          [
            140.750098,
            40.799976
          ]
        ]
      }
    },
    {
      "type": "Feature",
      "properties": {
        "名前": "浜田大野線",
        "ステータス": "作業予定あり（直近の作業日程が予定されているもの）",
        "直近作業予定日": "2月11日 作業予定",
        "指令": "継続指令",
        "更新日時": "2月11日 19:00 現在",
        "最終除雪日": "2月7日",
        "最終除雪日時": "2026-02-07 06:21:13",
        "指令継続": "8日17時間",
        "指令開始日時": "2026-02-03 20:35:45"
      },
      "geometry": {
        "type": "LineString",
        "coordinates": [
          [
            140.747242,
            40.798346
          ],
          [
            140.747229,
            40.798667
          ],
          [
            140.747185,
            40.799127
          ],
          [
            140.747142,
            40.799541
          ],
          [
            140.747086,
            40.800025
          ],
          [
            140.747037,
            40.800226
          ],
          [
            140.746932,
            40.80064
          ],
          [
            140.746816,
            40.801063
          ],
          [
            140.74668,
            40.80143
          ],
          [
            140.746564,
            40.801681
          ],
          [
            140.746502,
            40.801807
          ],
          [
            140.746447,
            40.801914
          ],
          [
            140.746369,
            40.802045
          ],
          [
            140.746192,
            40.80238
          ],
          [
            140.745724,
            40.80316
          ],
          [
            140.745574,
            40.803402
          ],
          [
            140.745289,
            40.803845
          ],
          [
            140.745092,
            40.804227
          ],
          [
            140.745044,
            40.804351
          ],
          [
            140.745018,
            40.804588
          ],
          [
            140.745031,
            40.804748
          ],
          [
            140.745174,
            40.80574
          ]
        ]
      }
    },
    {
      "type": "Feature",
      "properties": {
        "名前": "浜田大野線",
        "ステータス": "作業予定あり（直近の作業日程が予定されているもの）",
        "直近作業予定日": "2月11日 作業予定",
        "指令": "継続指令",
        "更新日時": "2月11日 19:00 現在",
        "最終除雪日": "2月7日",
        "最終除雪日時": "2026-02-07 06:21:13",
        "指令継続": "8日17時間",
        "指令開始日時": "2026-02-03 20:35:45"
      },
      "geometry": {
        "type": "LineString",
        "coordinates": [
          [
            140.740329,
            40.800584
          ],
          [
            140.741797,
            40.800481
          ],
          [
            140.742653,
            40.800398
          ],
          [
            140.74355,
            40.800327
          ],
          [
            140.744636,
            40.800249
          ],
          [
            140.745289,
            40.800193
          ],
          [
            140.745989,
            40.800161
          ],
          [
            140.747015,
            40.80012
          ],
          [
            140.747707,
            40.800079
          ],
          [
            140.748292,
            40.800053
          ],
          [
            140.751316,
            40.79995
          ],
          [
            140.752158,
            40.799914
          ],
          [
            140.75277,
            40.799893
          ],
          [
            140.753492,
            40.799876
          ],
          [
            140.757305,
            40.799795
          ]
        ]
      }
    },
    {
      "type": "Feature",
      "properties": {
        "名前": "浜田大野線",
        "ステータス": "作業予定あり（直近の作業日程が予定されているもの）",
        "直近作業予定日": "2月11日 作業予定",
        "指令": "継続指令",
        "更新日時": "2月11日 19:00 現在",
        "最終除雪日": "2月7日",
        "最終除雪日時": "2026-02-07 06:21:13",
        "指令継続": "8日17時間",
        "指令開始日時": "2026-02-03 20:35:45"
      },
      "geometry": {
        "type": "LineString",
        "coordinates": [
          [
            140.750296,
            40.801622
          ],
          [
            140.753726,
            40.801511
          ],
          [
            140.753741,
            40.801309
          ],
          [
            140.753704,
            40.80069
          ],
          [
            140.753653,
            40.799918
          ]
        ]
      }
    },
    {
      "type": "Feature",
      "properties": {
        "名前": "浜田大野線",
        "ステータス": "作業予定あり（直近の作業日程が予定されているもの）",
        "直近作業予定日": "2月11日 作業予定",
        "指令": "継続指令",
        "更新日時": "2月11日 19:00 現在",
        "最終除雪日": "2月7日",
        "最終除雪日時": "2026-02-07 06:21:13",
        "指令継続": "8日17時間",
        "指令開始日時": "2026-02-03 20:35:45"
      },
      "geometry": {
        "type": "LineString",
        "coordinates": [
          [
            140.750113,
            40.800007
          ],
          [
            140.750161,
            40.800683
          ],
          [
            140.750222,
            40.801612
          ],
          [
            140.749257,
            40.801657
          ],
          [
            140.748625,
            40.801689
          ],
          [
            140.747972,
            40.801678
          ],
          [
            140.747687,
            40.801653
          ],
          [
            140.747207,
            40.80157
          ],
          [
            140.747005,
            40.801533
          ],
          [
            140.74668,
            40.801444
          ]
        ]
      }
    },
    {
      "type": "Feature",
      "properties": {
        "名前": "卸売団地線",
        "ステータス": "現場確認中（現場確認中のもの）",
        "直近作業予定日": "-",
        "指令": "－",
        "更新日時": "2月11日 19:00 現在",
        "最終除雪日": "2月7日",
        "最終除雪日時": "2026-02-07 06:21:13"
      },
      "geometry": {
        "type": "LineString",
        "coordinates": [
          [
            140.747509,
            40.794179
          ],
          [
            140.748634,
            40.794205
          ],
          [
            140.750811,
            40.794268
          ],
          [
            140.750868,
            40.793702
          ],
          [
            140.750879,
            40.79333
          ],
          [
            140.750902,
            40.793034
          ],
          [
            140.750902,
            40.792739
          ],
          [
            140.750936,
            40.792325
          ],
          [
            140.75097,
            40.791962
          ],
          [
            140.750982,
            40.791455
          ],
          [
            140.749905,
            40.791409
          ],
          [
            140.749532,
            40.791388
          ],
          [
            140.748792,
            40.791367
          ],
          [
            140.748344,
            40.791367
          ],
          [
            140.748019,
            40.791351
          ],
          [
            140.747743,
            40.791336
          ]
        ]
      }
    },
    {
      "type": "Feature",
      "properties": {
        "名前": "卸売団地線",
        "ステータス": "現場確認中（現場確認中のもの）",
        "直近作業予定日": "-",
        "指令": "－",
        "更新日時": "2月11日 19:00 現在",
        "最終除雪日": "2月7日",
        "最終除雪日時": "2026-02-07 06:21:13"
      },
      "geometry": {
        "type": "LineString",
        "coordinates": [
          [
            140.747561,
            40.792628
          ],
          [
            140.748751,
            40.792675
          ],
          [
            140.749421,
            40.792702
          ],
          [
            140.750891,
            40.792756
          ]
        ]
      }
    },
    {
      "type": "Feature",
      "properties": {
        "名前": "卸売団地線",
        "ステータス": "現場確認中（現場確認中のもの）",
        "直近作業予定日": "-",
        "指令": "－",
        "更新日時": "2月11日 19:00 現在",
        "最終除雪日": "2月7日",
        "最終除雪日時": "2026-02-07 06:21:13"
      },
      "geometry": {
        "type": "LineString",
        "coordinates": [
          [
            140.752184,
            40.784881
          ],
          [
            140.752924,
            40.78496
          ],
          [
            140.753739,
            40.785044
          ],
          [
            140.754249,
            40.785108
          ],
          [
            140.754947,
            40.785176
          ],
          [
            140.755672,
            40.78526
          ],
          [
            140.756943,
            40.785408
          ],
          [
            140.757751,
            40.785491
          ],
          [
            140.758213,
            40.785544
          ],
          [
            140.759057,
            40.785644
          ],
          [
            140.759623,
            40.785706
          ],
          [
            140.760375,
            40.785802
          ],
          [
            140.761011,
            40.785886
          ],
          [
            140.761721,
            40.78597
          ],
          [
            140.762233,
            40.786023
          ],
          [
            140.762959,
            40.786117
          ]
        ]
      }
    },
    {
      "type": "Feature",
      "properties": {
        "名前": "卸売団地線",
        "ステータス": "現場確認中（現場確認中のもの）",
        "直近作業予定日": "-",
        "指令": "－",
        "更新日時": "2月11日 19:00 現在",
        "最終除雪日": "2月7日",
        "最終除雪日時": "2026-02-07 06:21:13"
      },
      "geometry": {
        "type": "LineString",
        "coordinates": [
          [
            140.75773,
            40.785518
          ],
          [
            140.757627,
            40.786027
          ],
          [
            140.757543,
            40.786601
          ],
          [
            140.757412,
            40.787273
          ],
          [
            140.756881,
            40.787204
          ],
          [
            140.756383,
            40.787152
          ],
          [
            140.756086,
            40.787121
          ],
          [
            140.755445,
            40.787036
          ],
          [
            140.755002,
            40.786989
          ],
          [
            140.754671,
            40.786958
          ],
          [
            140.754609,
            40.787293
          ],
          [
            140.754477,
            40.787982
          ]
        ]
      }
    },
    {
      "type": "Feature",
      "properties": {
        "名前": "卸売団地線",
        "ステータス": "現場確認中（現場確認中のもの）",
        "直近作業予定日": "-",
        "指令": "－",
        "更新日時": "2月11日 19:00 現在",
        "最終除雪日": "2月7日",
        "最終除雪日時": "2026-02-07 06:21:13"
      },
      "geometry": {
        "type": "LineString",
        "coordinates": [
          [
            140.761715,
            40.788935
          ],
          [
            140.761376,
            40.788838
          ],
          [
            140.761165,
            40.78878
          ],
          [
            140.760715,
            40.788723
          ],
          [
            140.760175,
            40.788661
          ],
          [
            140.75983,
            40.788626
          ],
          [
            140.759546,
            40.788596
          ],
          [
            140.759235,
            40.788559
          ],
          [
            140.758908,
            40.788523
          ],
          [
            140.758596,
            40.788488
          ],
          [
            140.75822,
            40.788446
          ],
          [
            140.757775,
            40.788398
          ],
          [
            140.757295,
            40.788348
          ],
          [
            140.756913,
            40.788296
          ],
          [
            140.756519,
            40.788254
          ],
          [
            140.756001,
            40.788195
          ],
          [
            140.755501,
            40.788134
          ],
          [
            140.755222,
            40.788103
          ],
          [
            140.754722,
            40.788047
          ],
          [
            140.754011,
            40.787965
          ],
          [
            140.753223,
            40.787878
          ],
          [
            140.752512,
            40.787812
          ],
          [
            140.752349,
            40.787805
          ],
          [
            140.752203,
            40.787816
          ],
          [
            140.751096,
            40.78792
          ],
          [
            140.750709,
            40.787947
          ],
          [
            140.75039,
            40.788017
          ],
          [
            140.750084,
            40.788136
          ],
          [
            140.749838,
            40.78826
          ],
          [
            140.749526,
            40.788468
          ],
          [
            140.749194,
            40.788691
          ],
          [
            140.748968,
            40.788846
          ],
          [
            140.748516,
            40.789181
          ],
          [
            140.748367,
            40.789292
          ],
          [
            140.748261,
            40.789393
          ],
          [
            140.748172,
            40.789506
          ],
          [
            140.748105,
            40.789653
          ],
          [
            140.748062,
            40.78981
          ],
          [
            140.748012,
            40.790035
          ],
          [
            140.747903,
            40.790563
          ],
          [
            140.747814,
            40.790958
          ],
          [
            140.747728,
            40.791334
          ],
          [
            140.747615,
            40.791846
          ],
          [
            140.747566,
            40.792515
          ],
          [
            140.747546,
            40.79289
          ],
          [
            140.747509,
            40.793606
          ],
          [
            140.74748,
            40.794289
          ],
          [
            140.747439,
            40.794973
          ],
          [
            140.747419,
            40.795377
          ],
          [
            140.747453,
            40.79575
          ]
        ]
      }
    },
    {
      "type": "Feature",
      "properties": {
        "名前": "幸畑谷脇線",
        "ステータス": "現場確認中（現場確認中のもの）",
        "直近作業予定日": "-",
        "指令": "－",
        "更新日時": "2月11日 19:00 現在"
      },
      "geometry": {
        "type": "LineString",
        "coordinates": [
          [
            140.786305,
            40.792322
          ],
          [
            140.786059,
            40.793032
          ],
          [
            140.785577,
            40.794102
          ],
          [
            140.785039,
            40.795241
          ],
          [
            140.783834,
            40.798111
          ],
          [
            140.783518,
            40.798941
          ]
        ]
      }
    },
    {
      "type": "Feature",
      "properties": {
        "名前": "戸山団地線",
        "ステータス": "現場確認中（現場確認中のもの）",
        "直近作業予定日": "-",
        "指令": "－",
        "更新日時": "2月11日 19:00 現在"
      },
      "geometry": {
        "type": "LineString",
        "coordinates": [
          [
            140.798191,
            40.795085
          ],
          [
            140.798571,
            40.795333
          ],
          [
            140.799698,
            40.796128
          ],
          [
            140.800901,
            40.796954
          ],
          [
            140.801839,
            40.797604
          ],
          [
            140.802303,
            40.797949
          ],
          [
            140.803474,
            40.798768
          ],
          [
            140.804285,
            40.799337
          ],
          [
            140.805297,
            40.800035
          ],
          [
            140.805836,
            40.800445
          ],
          [
            140.806131,
            40.800685
          ],
          [
            140.806426,
            40.801103
          ],
          [
            140.806985,
            40.802145
          ],
          [
            140.807175,
            40.802499
          ],
          [
            140.808251,
            40.802202
          ],
          [
            140.809389,
            40.801857
          ],
          [
            140.810233,
            40.801568
          ],
          [
            140.811013,
            40.801159
          ],
          [
            140.811878,
            40.800645
          ],
          [
            140.812109,
            40.800485
          ],
          [
            140.812257,
            40.800349
          ],
          [
            140.812394,
            40.800132
          ],
          [
            140.812468,
            40.799859
          ],
          [
            140.812458,
            40.799626
          ],
          [
            140.81231,
            40.799249
          ],
          [
            140.811793,
            40.798632
          ],
          [
            140.811361,
            40.798077
          ],
          [
            140.810834,
            40.797452
          ],
          [
            140.810538,
            40.797235
          ],
          [
            140.810317,
            40.797147
          ],
          [
            140.810011,
            40.797107
          ],
          [
            140.809685,
            40.797131
          ],
          [
            140.809231,
            40.797251
          ],
          [
            140.808682,
            40.797476
          ],
          [
            140.808335,
            40.797588
          ],
          [
            140.807681,
            40.79758
          ],
          [
            140.80707,
            40.797155
          ],
          [
            140.806417,
            40.796681
          ],
          [
            140.805815,
            40.796248
          ],
          [
            140.805371,
            40.795936
          ],
          [
            140.805182,
            40.795799
          ],
          [
            140.804803,
            40.795735
          ],
          [
            140.804433,
            40.795751
          ],
          [
            140.804064,
            40.795951
          ],
          [
            140.803643,
            40.796288
          ],
          [
            140.802578,
            40.797155
          ],
          [
            140.801839,
            40.797716
          ],
          [
            140.801154,
            40.798029
          ],
          [
            140.800468,
            40.798342
          ],
          [
            140.799931,
            40.798599
          ],
          [
            140.799678,
            40.798768
          ],
          [
            140.79952,
            40.798992
          ],
          [
            140.79934,
            40.799458
          ],
          [
            140.799192,
            40.799923
          ],
          [
            140.799087,
            40.800293
          ],
          [
            140.799077,
            40.800638
          ],
          [
            140.799224,
            40.801006
          ],
          [
            140.799382,
            40.801375
          ],
          [
            140.799635,
            40.801969
          ],
          [
            140.799847,
            40.802507
          ]
        ]
      }
    },
    {
      "type": "Feature",
      "properties": {
        "名前": "戸山団地線",
        "ステータス": "現場確認中（現場確認中のもの）",
        "直近作業予定日": "-",
        "指令": "－",
        "更新日時": "2月11日 19:00 現在"
      },
      "geometry": {
        "type": "LineString",
        "coordinates": [
          [
            140.804696,
            40.799659
          ],
          [
            140.804454,
            40.800028
          ],
          [
            140.803907,
            40.800766
          ],
          [
            140.803558,
            40.801255
          ],
          [
            140.803294,
            40.801512
          ],
          [
            140.802894,
            40.801769
          ],
          [
            140.802557,
            40.801897
          ],
          [
            140.801829,
            40.802074
          ],
          [
            140.800964,
            40.802282
          ],
          [
            140.79992,
            40.802538
          ],
          [
            140.799488,
            40.802651
          ],
          [
            140.798908,
            40.802812
          ],
          [
            140.798148,
            40.803028
          ]
        ]
      }
    },
    {
      "type": "Feature",
      "properties": {
        "名前": "細越高田線",
        "ステータス": "現場確認中（現場確認中のもの）",
        "直近作業予定日": "-",
        "指令": "－",
        "更新日時": "2月11日 19:00 現在"
      },
      "geometry": {
        "type": "LineString",
        "coordinates": [
          [
            140.711472,
            40.797287
          ],
          [
            140.71158,
            40.796963
          ],
          [
            140.711654,
            40.796671
          ],
          [
            140.7117,
            40.796237
          ],
          [
            140.711791,
            40.79483
          ],
          [
            140.711814,
            40.794611
          ],
          [
            140.71177,
            40.794059
          ],
          [
            140.711793,
            40.793682
          ],
          [
            140.712047,
            40.792483
          ],
          [
            140.71207,
            40.792202
          ],
          [
            140.712212,
            40.791521
          ],
          [
            140.712198,
            40.791178
          ],
          [
            140.712117,
            40.79071
          ],
          [
            140.712171,
            40.789793
          ],
          [
            140.71226,
            40.78954
          ],
          [
            140.712787,
            40.788904
          ],
          [
            140.713002,
            40.788662
          ],
          [
            140.713077,
            40.78846
          ],
          [
            140.713359,
            40.787605
          ],
          [
            140.713198,
            40.786991
          ],
          [
            140.712992,
            40.786231
          ],
          [
            140.71286,
            40.785325
          ],
          [
            140.712656,
            40.783675
          ],
          [
            140.712671,
            40.783337
          ],
          [
            140.712761,
            40.782887
          ],
          [
            140.71294,
            40.782308
          ],
          [
            140.713125,
            40.782004
          ],
          [
            140.713393,
            40.781115
          ],
          [
            140.713566,
            40.779584
          ],
          [
            140.713664,
            40.778813
          ],
          [
            140.713946,
            40.778549
          ],
          [
            140.715992,
            40.777262
          ],
          [
            140.71752,
            40.775884
          ],
          [
            140.717839,
            40.775108
          ]
        ]
      }
    },
    {
      "type": "Feature",
      "properties": {
        "名前": "高田空港線",
        "ステータス": "現場確認中（現場確認中のもの）",
        "直近作業予定日": "-",
        "指令": "－",
        "更新日時": "2月11日 19:00 現在",
        "最終除雪日": "2月7日",
        "最終除雪日時": "2026-02-07 06:21:13"
      },
      "geometry": {
        "type": "LineString",
        "coordinates": [
          [
            140.729995,
            40.781701
          ],
          [
            140.728538,
            40.780489
          ],
          [
            140.727436,
            40.779588
          ],
          [
            140.726881,
            40.779064
          ],
          [
            140.726364,
            40.778433
          ],
          [
            140.72578,
            40.77756
          ],
          [
            140.724355,
            40.77542
          ],
          [
            140.723616,
            40.77426
          ],
          [
            140.723469,
            40.774017
          ],
          [
            140.72324,
            40.773499
          ],
          [
            140.722716,
            40.772204
          ],
          [
            140.722584,
            40.771917
          ]
        ]
      }
    },
    {
      "type": "Feature",
      "properties": {
        "名前": "高田空港線",
        "ステータス": "現場確認中（現場確認中のもの）",
        "直近作業予定日": "-",
        "指令": "－",
        "更新日時": "2月11日 19:00 現在",
        "最終除雪日": "2月7日",
        "最終除雪日時": "2026-02-07 06:21:13"
      },
      "geometry": {
        "type": "LineString",
        "coordinates": [
          [
            140.713248,
            40.7551
          ],
          [
            140.713404,
            40.755033
          ],
          [
            140.713811,
            40.755062
          ],
          [
            140.715941,
            40.755948
          ],
          [
            140.716318,
            40.756184
          ],
          [
            140.716702,
            40.756556
          ],
          [
            140.71767,
            40.757824
          ],
          [
            140.717862,
            40.758156
          ],
          [
            140.718031,
            40.758916
          ],
          [
            140.718028,
            40.760571
          ],
          [
            140.71822,
            40.760937
          ],
          [
            140.718604,
            40.761326
          ],
          [
            140.719373,
            40.761664
          ],
          [
            140.720002,
            40.761884
          ],
          [
            140.720305,
            40.762245
          ],
          [
            140.720637,
            40.762583
          ],
          [
            140.721133,
            40.762882
          ],
          [
            140.721828,
            40.76333
          ]
        ]
      }
    },
    {
      "type": "Feature",
      "properties": {
        "名前": "筒井幸畑団地線",
        "ステータス": "現場確認中（現場確認中のもの）",
        "直近作業予定日": "-",
        "指令": "－",
        "更新日時": "2月11日 19:00 現在"
      },
      "geometry": {
        "type": "LineString",
        "coordinates": [
          [
            140.772808,
            40.79539
          ],
          [
            140.772927,
            40.794996
          ],
          [
            140.773374,
            40.792621
          ],
          [
            140.773731,
            40.790494
          ],
          [
            140.774118,
            40.787916
          ],
          [
            140.774387,
            40.786149
          ],
          [
            140.774639,
            40.785305
          ],
          [
            140.774847,
            40.784753
          ],
          [
            140.77504,
            40.78428
          ],
          [
            140.775544,
            40.783448
          ],
          [
            140.775692,
            40.78329
          ],
          [
            140.776122,
            40.782975
          ]
        ]
      }
    },
    {
      "type": "Feature",
      "properties": {
        "名前": "浦町線",
        "ステータス": "現場確認中（現場確認中のもの）",
        "直近作業予定日": "-",
        "指令": "－",
        "更新日時": "2月11日 19:00 現在",
        "最終除雪日": "2月7日",
        "最終除雪日時": "2026-02-07 06:21:13"
      },
      "geometry": {
        "type": "LineString",
        "coordinates": [
          [
            140.75778,
            40.81187
          ],
          [
            140.757683,
            40.81183
          ],
          [
            140.75758,
            40.811819
          ],
          [
            140.757469,
            40.811836
          ],
          [
            140.757417,
            40.811853
          ],
          [
            140.756698,
            40.812122
          ],
          [
            140.756097,
            40.812336
          ],
          [
            140.755638,
            40.81251
          ],
          [
            140.755542,
            40.812533
          ],
          [
            140.755379,
            40.812561
          ],
          [
            140.755082,
            40.812566
          ],
          [
            140.754764,
            40.81256
          ],
          [
            140.754445,
            40.812566
          ],
          [
            140.754223,
            40.812577
          ],
          [
            140.754156,
            40.812565
          ],
          [
            140.753786,
            40.812436
          ]
        ]
      }
    },
    {
      "type": "Feature",
      "properties": {
        "名前": "浦町線",
        "ステータス": "現場確認中（現場確認中のもの）",
        "直近作業予定日": "-",
        "指令": "－",
        "更新日時": "2月11日 19:00 現在",
        "最終除雪日": "2月7日",
        "最終除雪日時": "2026-02-07 06:21:13"
      },
      "geometry": {
        "type": "LineString",
        "coordinates": [
          [
            140.756649,
            40.81471
          ],
          [
            140.757705,
            40.812039
          ],
          [
            140.757772,
            40.811932
          ],
          [
            140.757869,
            40.811802
          ],
          [
            140.75795,
            40.811712
          ],
          [
            140.758084,
            40.811606
          ],
          [
            140.758617,
            40.811395
          ],
          [
            140.760833,
            40.810626
          ],
          [
            140.76107,
            40.810547
          ],
          [
            140.761663,
            40.810412
          ],
          [
            140.762419,
            40.810278
          ],
          [
            140.762604,
            40.810283
          ]
        ]
      }
    },
    {
      "type": "Feature",
      "properties": {
        "名前": "南高校線",
        "ステータス": "現場確認中（現場確認中のもの）",
        "直近作業予定日": "-",
        "指令": "－",
        "更新日時": "2月11日 19:00 現在"
      },
      "geometry": {
        "type": "LineString",
        "coordinates": [
          [
            140.728757,
            40.800519
          ],
          [
            140.729358,
            40.800485
          ],
          [
            140.729465,
            40.800446
          ],
          [
            140.730046,
            40.800509
          ]
        ]
      }
    },
    {
      "type": "Feature",
      "properties": {
        "名前": "南高校線",
        "ステータス": "現場確認中（現場確認中のもの）",
        "直近作業予定日": "-",
        "指令": "－",
        "更新日時": "2月11日 19:00 現在"
      },
      "geometry": {
        "type": "LineString",
        "coordinates": [
          [
            140.723121,
            40.805252
          ],
          [
            140.723083,
            40.804549
          ],
          [
            140.723035,
            40.803774
          ]
        ]
      }
    },
    {
      "type": "Feature",
      "properties": {
        "名前": "南高校線",
        "ステータス": "現場確認中（現場確認中のもの）",
        "直近作業予定日": "-",
        "指令": "－",
        "更新日時": "2月11日 19:00 現在"
      },
      "geometry": {
        "type": "LineString",
        "coordinates": [
          [
            140.724526,
            40.802894
          ],
          [
            140.726442,
            40.802761
          ],
          [
            140.727685,
            40.802683
          ],
          [
            140.729451,
            40.80255
          ],
          [
            140.729112,
            40.801514
          ],
          [
            140.728736,
            40.800511
          ],
          [
            140.727866,
            40.797871
          ]
        ]
      }
    },
    {
      "type": "Feature",
      "properties": {
        "名前": "南高校線",
        "ステータス": "現場確認中（現場確認中のもの）",
        "直近作業予定日": "-",
        "指令": "－",
        "更新日時": "2月11日 19:00 現在"
      },
      "geometry": {
        "type": "LineString",
        "coordinates": [
          [
            140.729484,
            40.802547
          ],
          [
            140.730078,
            40.802492
          ],
          [
            140.730592,
            40.802404
          ],
          [
            140.730678,
            40.802376
          ],
          [
            140.730936,
            40.80219
          ]
        ]
      }
    },
    {
      "type": "Feature",
      "properties": {
        "名前": "南高校線",
        "ステータス": "現場確認中（現場確認中のもの）",
        "直近作業予定日": "-",
        "指令": "－",
        "更新日時": "2月11日 19:00 現在"
      },
      "geometry": {
        "type": "LineString",
        "coordinates": [
          [
            140.724125,
            40.805233
          ],
          [
            140.724148,
            40.80507
          ],
          [
            140.724193,
            40.804839
          ],
          [
            140.724312,
            40.804513
          ],
          [
            140.724446,
            40.804237
          ],
          [
            140.724527,
            40.803989
          ],
          [
            140.724558,
            40.803725
          ],
          [
            140.724558,
            40.80355
          ],
          [
            140.724415,
            40.800494
          ],
          [
            140.728715,
            40.800521
          ]
        ]
      }
    },
    {
      "type": "Feature",
      "properties": {
        "名前": "油川駅前通り線",
        "ステータス": "現場確認中（現場確認中のもの）",
        "直近作業予定日": "-",
        "指令": "－",
        "更新日時": "2月11日 19:00 現在",
        "最終除雪日": "2月11日",
        "最終除雪日時": "2026-02-11 06:34:15"
      },
      "geometry": {
        "type": "LineString",
        "coordinates": [
          [
            140.685407,
            40.863964
          ],
          [
            140.685508,
            40.863864
          ],
          [
            140.685807,
            40.863679
          ],
          [
            140.686034,
            40.863551
          ],
          [
            140.686475,
            40.863129
          ],
          [
            140.68684,
            40.862663
          ],
          [
            140.687032,
            40.86239
          ],
          [
            140.687205,
            40.862223
          ],
          [
            140.687336,
            40.862132
          ],
          [
            140.68742,
            40.86206
          ],
          [
            140.687706,
            40.861688
          ],
          [
            140.688197,
            40.861117
          ],
          [
            140.688329,
            40.860958
          ],
          [
            140.688699,
            40.860613
          ],
          [
            140.689261,
            40.860109
          ],
          [
            140.689715,
            40.859661
          ],
          [
            140.689889,
            40.859439
          ],
          [
            140.690134,
            40.859044
          ],
          [
            140.690301,
            40.858722
          ],
          [
            140.690946,
            40.857921
          ],
          [
            140.691221,
            40.857639
          ],
          [
            140.691664,
            40.85734
          ],
          [
            140.692076,
            40.857041
          ],
          [
            140.692422,
            40.856632
          ],
          [
            140.692747,
            40.856183
          ],
          [
            140.692795,
            40.856115
          ],
          [
            140.693,
            40.855854
          ]
        ]
      }
    },
    {
      "type": "Feature",
      "properties": {
        "名前": "油川駅前通り線",
        "ステータス": "現場確認中（現場確認中のもの）",
        "直近作業予定日": "-",
        "指令": "－",
        "更新日時": "2月11日 19:00 現在",
        "最終除雪日": "2月11日",
        "最終除雪日時": "2026-02-11 06:34:15"
      },
      "geometry": {
        "type": "LineString",
        "coordinates": [
          [
            140.694959,
            40.853605
          ],
          [
            140.693439,
            40.85527
          ],
          [
            140.693072,
            40.855764
          ]
        ]
      }
    },
    {
      "type": "Feature",
      "properties": {
        "名前": "油川駅前通り線",
        "ステータス": "現場確認中（現場確認中のもの）",
        "直近作業予定日": "-",
        "指令": "－",
        "更新日時": "2月11日 19:00 現在",
        "最終除雪日": "2月11日",
        "最終除雪日時": "2026-02-11 06:34:15"
      },
      "geometry": {
        "type": "LineString",
        "coordinates": [
          [
            140.690791,
            40.857208
          ],
          [
            140.69161,
            40.85758
          ],
          [
            140.692644,
            40.858097
          ]
        ]
      }
    },
    {
      "type": "Feature",
      "properties": {
        "名前": "油川中学校通り線",
        "ステータス": "現場確認中（現場確認中のもの）",
        "直近作業予定日": "-",
        "指令": "－",
        "更新日時": "2月11日 19:00 現在",
        "最終除雪日": "2月11日",
        "最終除雪日時": "2026-02-11 06:34:15"
      },
      "geometry": {
        "type": "LineString",
        "coordinates": [
          [
            140.689389,
            40.854029
          ],
          [
            140.688062,
            40.853999
          ],
          [
            140.687077,
            40.853879
          ],
          [
            140.685512,
            40.853872
          ],
          [
            140.68145,
            40.853799
          ]
        ]
      }
    },
    {
      "type": "Feature",
      "properties": {
        "名前": "油川羽白線",
        "ステータス": "作業予定あり（直近の作業日程が予定されているもの）",
        "直近作業予定日": "2月11日 作業予定",
        "指令": "継続指令",
        "更新日時": "2月11日 19:00 現在",
        "最終除雪日": "2月11日",
        "最終除雪日時": "2026-02-11 06:34:15",
        "指令継続": "4日16時間",
        "指令開始日時": "2026-02-07 21:25:39"
      },
      "geometry": {
        "type": "LineString",
        "coordinates": [
          [
            140.689286,
            40.853707
          ],
          [
            140.689501,
            40.85352
          ],
          [
            140.689585,
            40.853372
          ],
          [
            140.689769,
            40.853289
          ],
          [
            140.689969,
            40.853018
          ],
          [
            140.690562,
            40.852327
          ],
          [
            140.690836,
            40.852044
          ],
          [
            140.690995,
            40.851865
          ],
          [
            140.691165,
            40.851621
          ],
          [
            140.691455,
            40.851153
          ],
          [
            140.691445,
            40.849951
          ],
          [
            140.691664,
            40.849833
          ],
          [
            140.692791,
            40.849304
          ],
          [
            140.692837,
            40.84928
          ],
          [
            140.692903,
            40.849202
          ],
          [
            140.693421,
            40.84893
          ],
          [
            140.694077,
            40.848586
          ],
          [
            140.694548,
            40.848336
          ],
          [
            140.695026,
            40.848084
          ],
          [
            140.695327,
            40.847939
          ],
          [
            140.695512,
            40.847863
          ],
          [
            140.695898,
            40.847724
          ],
          [
            140.696001,
            40.84786
          ],
          [
            140.696174,
            40.848036
          ],
          [
            140.696358,
            40.848183
          ],
          [
            140.69663,
            40.848344
          ],
          [
            140.696808,
            40.848441
          ],
          [
            140.697121,
            40.848608
          ],
          [
            140.697503,
            40.848798
          ],
          [
            140.697906,
            40.848987
          ],
          [
            140.698477,
            40.849267
          ],
          [
            140.698824,
            40.849449
          ],
          [
            140.698901,
            40.849513
          ],
          [
            140.699135,
            40.849743
          ],
          [
            140.699409,
            40.850019
          ],
          [
            140.699536,
            40.850145
          ],
          [
            140.699547,
            40.850188
          ],
          [
            140.700209,
            40.850602
          ]
        ]
      }
    },
    {
      "type": "Feature",
      "properties": {
        "名前": "油川羽白線",
        "ステータス": "作業予定あり（直近の作業日程が予定されているもの）",
        "直近作業予定日": "2月11日 作業予定",
        "指令": "継続指令",
        "更新日時": "2月11日 19:00 現在",
        "最終除雪日": "2月11日",
        "最終除雪日時": "2026-02-11 06:34:15",
        "指令継続": "4日16時間",
        "指令開始日時": "2026-02-07 21:25:39"
      },
      "geometry": {
        "type": "LineString",
        "coordinates": [
          [
            140.688269,
            40.852923
          ],
          [
            140.688199,
            40.852449
          ],
          [
            140.688182,
            40.85212
          ],
          [
            140.688199,
            40.851971
          ],
          [
            140.688387,
            40.851555
          ],
          [
            140.688675,
            40.851205
          ],
          [
            140.688995,
            40.850823
          ]
        ]
      }
    },
    {
      "type": "Feature",
      "properties": {
        "名前": "油川羽白線",
        "ステータス": "作業予定あり（直近の作業日程が予定されているもの）",
        "直近作業予定日": "2月11日 作業予定",
        "指令": "継続指令",
        "更新日時": "2月11日 19:00 現在",
        "最終除雪日": "2月11日",
        "最終除雪日時": "2026-02-11 06:34:15",
        "指令継続": "4日16時間",
        "指令開始日時": "2026-02-07 21:25:39"
      },
      "geometry": {
        "type": "LineString",
        "coordinates": [
          [
            140.696212,
            40.854159
          ],
          [
            140.695093,
            40.853625
          ],
          [
            140.694514,
            40.853357
          ],
          [
            140.694328,
            40.853221
          ],
          [
            140.693952,
            40.852976
          ],
          [
            140.693731,
            40.852802
          ],
          [
            140.693352,
            40.852472
          ],
          [
            140.693206,
            40.852336
          ],
          [
            140.693163,
            40.852287
          ],
          [
            140.693154,
            40.852244
          ],
          [
            140.693163,
            40.85216
          ],
          [
            140.693237,
            40.851992
          ],
          [
            140.6934,
            40.851741
          ],
          [
            140.6935,
            40.851593
          ],
          [
            140.693673,
            40.851374
          ]
        ]
      }
    },
    {
      "type": "Feature",
      "properties": {
        "名前": "油川羽白線",
        "ステータス": "作業予定あり（直近の作業日程が予定されているもの）",
        "直近作業予定日": "2月11日 作業予定",
        "指令": "継続指令",
        "更新日時": "2月11日 19:00 現在",
        "最終除雪日": "2月11日",
        "最終除雪日時": "2026-02-11 06:34:15",
        "指令継続": "4日16時間",
        "指令開始日時": "2026-02-07 21:25:39"
      },
      "geometry": {
        "type": "LineString",
        "coordinates": [
          [
            140.694514,
            40.853364
          ],
          [
            140.694398,
            40.853381
          ],
          [
            140.694193,
            40.853353
          ],
          [
            140.693941,
            40.853324
          ],
          [
            140.693657,
            40.853265
          ],
          [
            140.693049,
            40.853105
          ],
          [
            140.692443,
            40.852933
          ],
          [
            140.692081,
            40.852838
          ],
          [
            140.691735,
            40.852726
          ],
          [
            140.691109,
            40.852514
          ],
          [
            140.690559,
            40.852335
          ]
        ]
      }
    },
    {
      "type": "Feature",
      "properties": {
        "名前": "沖館地区線",
        "ステータス": "作業予定あり（直近の作業日程が予定されているもの）",
        "直近作業予定日": "2月11日 作業予定",
        "指令": "継続指令",
        "更新日時": "2月11日 19:00 現在",
        "最終除雪日": "2月11日",
        "最終除雪日時": "2026-02-11 06:34:15",
        "指令継続": "8日17時間",
        "指令開始日時": "2026-02-03 20:35:45"
      },
      "geometry": {
        "type": "LineString",
        "coordinates": [
          [
            140.72301,
            40.833558
          ],
          [
            140.721995,
            40.834519
          ],
          [
            140.721774,
            40.834734
          ],
          [
            140.721676,
            40.834887
          ],
          [
            140.7213,
            40.835184
          ],
          [
            140.720625,
            40.83576
          ],
          [
            140.719811,
            40.836343
          ],
          [
            140.719121,
            40.83684
          ],
          [
            140.718451,
            40.837354
          ],
          [
            140.717565,
            40.838015
          ],
          [
            140.717004,
            40.838509
          ],
          [
            140.716598,
            40.838799
          ],
          [
            140.715567,
            40.839558
          ],
          [
            140.715294,
            40.839746
          ],
          [
            140.714593,
            40.840189
          ],
          [
            140.714393,
            40.840314
          ],
          [
            140.714218,
            40.840385
          ],
          [
            140.713763,
            40.840687
          ]
        ]
      }
    },
    {
      "type": "Feature",
      "properties": {
        "名前": "沖館地区線",
        "ステータス": "作業予定あり（直近の作業日程が予定されているもの）",
        "直近作業予定日": "2月11日 作業予定",
        "指令": "継続指令",
        "更新日時": "2月11日 19:00 現在",
        "最終除雪日": "2月11日",
        "最終除雪日時": "2026-02-11 06:34:15",
        "指令継続": "8日17時間",
        "指令開始日時": "2026-02-03 20:35:45"
      },
      "geometry": {
        "type": "LineString",
        "coordinates": [
          [
            140.717964,
            40.836248
          ],
          [
            140.718297,
            40.836
          ],
          [
            140.719273,
            40.83672
          ]
        ]
      }
    },
    {
      "type": "Feature",
      "properties": {
        "名前": "沖館地区線",
        "ステータス": "作業予定あり（直近の作業日程が予定されているもの）",
        "直近作業予定日": "2月11日 作業予定",
        "指令": "継続指令",
        "更新日時": "2月11日 19:00 現在",
        "最終除雪日": "2月11日",
        "最終除雪日時": "2026-02-11 06:34:15",
        "指令継続": "8日17時間",
        "指令開始日時": "2026-02-03 20:35:45"
      },
      "geometry": {
        "type": "LineString",
        "coordinates": [
          [
            140.71894,
            40.836495
          ],
          [
            140.717606,
            40.836966
          ],
          [
            140.715482,
            40.837713
          ],
          [
            140.71403,
            40.838262
          ],
          [
            140.713435,
            40.838493
          ],
          [
            140.712513,
            40.838731
          ],
          [
            140.712352,
            40.838769
          ],
          [
            140.711567,
            40.838891
          ],
          [
            140.710336,
            40.839022
          ],
          [
            140.709673,
            40.839085
          ]
        ]
      }
    },
    {
      "type": "Feature",
      "properties": {
        "名前": "沖館地区線",
        "ステータス": "作業予定あり（直近の作業日程が予定されているもの）",
        "直近作業予定日": "2月11日 作業予定",
        "指令": "継続指令",
        "更新日時": "2月11日 19:00 現在",
        "最終除雪日": "2月11日",
        "最終除雪日時": "2026-02-11 06:34:15",
        "指令継続": "8日17時間",
        "指令開始日時": "2026-02-03 20:35:45"
      },
      "geometry": {
        "type": "LineString",
        "coordinates": [
          [
            140.726179,
            40.835665
          ],
          [
            140.72551,
            40.835497
          ],
          [
            140.724538,
            40.834955
          ],
          [
            140.724472,
            40.834922
          ]
        ]
      }
    },
    {
      "type": "Feature",
      "properties": {
        "名前": "富田地区線",
        "ステータス": "現場確認中（現場確認中のもの）",
        "直近作業予定日": "-",
        "指令": "－",
        "更新日時": "2月11日 19:00 現在",
        "最終除雪日": "2月11日",
        "最終除雪日時": "2026-02-11 06:34:15"
      },
      "geometry": {
        "type": "LineString",
        "coordinates": [
          [
            140.721298,
            40.835172
          ],
          [
            140.720789,
            40.834794
          ],
          [
            140.720315,
            40.8344
          ],
          [
            140.720204,
            40.834303
          ],
          [
            140.719922,
            40.834103
          ],
          [
            140.719353,
            40.83377
          ],
          [
            140.718647,
            40.833431
          ],
          [
            140.717818,
            40.832998
          ],
          [
            140.717248,
            40.832789
          ],
          [
            140.716487,
            40.832482
          ],
          [
            140.715834,
            40.832239
          ],
          [
            140.715492,
            40.832122
          ],
          [
            140.714878,
            40.831836
          ],
          [
            140.714392,
            40.831627
          ],
          [
            140.714227,
            40.831539
          ]
        ]
      }
    },
    {
      "type": "Feature",
      "properties": {
        "名前": "富田地区線",
        "ステータス": "現場確認中（現場確認中のもの）",
        "直近作業予定日": "-",
        "指令": "－",
        "更新日時": "2月11日 19:00 現在",
        "最終除雪日": "2月11日",
        "最終除雪日時": "2026-02-11 06:34:15"
      },
      "geometry": {
        "type": "LineString",
        "coordinates": [
          [
            140.71252,
            40.838728
          ],
          [
            140.712286,
            40.838242
          ],
          [
            140.712159,
            40.838039
          ],
          [
            140.711705,
            40.837501
          ],
          [
            140.711453,
            40.837195
          ],
          [
            140.711451,
            40.837202
          ],
          [
            140.711458,
            40.837205
          ],
          [
            140.711297,
            40.836967
          ],
          [
            140.711071,
            40.836736
          ],
          [
            140.710914,
            40.836612
          ],
          [
            140.71018,
            40.836101
          ]
        ]
      }
    },
    {
      "type": "Feature",
      "properties": {
        "名前": "富田地区線",
        "ステータス": "現場確認中（現場確認中のもの）",
        "直近作業予定日": "-",
        "指令": "－",
        "更新日時": "2月11日 19:00 現在",
        "最終除雪日": "2月11日",
        "最終除雪日時": "2026-02-11 06:34:15"
      },
      "geometry": {
        "type": "LineString",
        "coordinates": [
          [
            140.711461,
            40.837199
          ],
          [
            140.712049,
            40.836835
          ],
          [
            140.713277,
            40.836077
          ],
          [
            140.713675,
            40.835787
          ],
          [
            140.714084,
            40.835401
          ],
          [
            140.714263,
            40.835248
          ],
          [
            140.714483,
            40.835138
          ],
          [
            140.715682,
            40.834502
          ],
          [
            140.716427,
            40.833792
          ],
          [
            140.716634,
            40.833608
          ],
          [
            140.717159,
            40.83295
          ],
          [
            140.717286,
            40.83281
          ]
        ]
      }
    },
    {
      "type": "Feature",
      "properties": {
        "名前": "富田地区線",
        "ステータス": "現場確認中（現場確認中のもの）",
        "直近作業予定日": "-",
        "指令": "－",
        "更新日時": "2月11日 19:00 現在",
        "最終除雪日": "2月11日",
        "最終除雪日時": "2026-02-11 06:34:15"
      },
      "geometry": {
        "type": "LineString",
        "coordinates": [
          [
            140.711515,
            40.833091
          ],
          [
            140.710813,
            40.833695
          ],
          [
            140.709957,
            40.83437
          ],
          [
            140.709651,
            40.83456
          ],
          [
            140.709481,
            40.834576
          ],
          [
            140.709447,
            40.834762
          ],
          [
            140.709671,
            40.834988
          ],
          [
            140.709746,
            40.835133
          ],
          [
            140.709821,
            40.835273
          ],
          [
            140.709936,
            40.835402
          ],
          [
            140.710202,
            40.835581
          ],
          [
            140.710494,
            40.835804
          ],
          [
            140.709155,
            40.837063
          ],
          [
            140.708698,
            40.837475
          ],
          [
            140.708331,
            40.83779
          ],
          [
            140.70793,
            40.838079
          ]
        ]
      }
    },
    {
      "type": "Feature",
      "properties": {
        "名前": "石江富田線",
        "ステータス": "作業予定あり（直近の作業日程が予定されているもの）",
        "直近作業予定日": "2月11日 作業予定",
        "指令": "継続指令",
        "更新日時": "2月11日 19:00 現在",
        "最終除雪日": "2月11日",
        "最終除雪日時": "2026-02-11 06:34:15",
        "指令継続": "4日16時間",
        "指令開始日時": "2026-02-07 21:25:39"
      },
      "geometry": {
        "type": "LineString",
        "coordinates": [
          [
            140.707961,
            40.828387
          ],
          [
            140.708179,
            40.828198
          ],
          [
            140.708349,
            40.828016
          ],
          [
            140.708491,
            40.827891
          ],
          [
            140.708634,
            40.82782
          ],
          [
            140.708812,
            40.827766
          ],
          [
            140.708976,
            40.827733
          ],
          [
            140.709118,
            40.82774
          ],
          [
            140.709265,
            40.82776
          ],
          [
            140.709452,
            40.827808
          ],
          [
            140.71074,
            40.828353
          ],
          [
            140.711602,
            40.828715
          ],
          [
            140.712841,
            40.829257
          ],
          [
            140.713175,
            40.829379
          ],
          [
            140.713361,
            40.829473
          ],
          [
            140.713832,
            40.82968
          ],
          [
            140.714463,
            40.829954
          ],
          [
            140.714801,
            40.830103
          ],
          [
            140.715263,
            40.830306
          ],
          [
            140.715432,
            40.830384
          ]
        ]
      }
    },
    {
      "type": "Feature",
      "properties": {
        "名前": "平和台団地線",
        "ステータス": "現場確認中（現場確認中のもの）",
        "直近作業予定日": "-",
        "指令": "－",
        "更新日時": "2月11日 19:00 現在",
        "最終除雪日": "2月7日",
        "最終除雪日時": "2026-02-07 06:21:13"
      },
      "geometry": {
        "type": "LineString",
        "coordinates": [
          [
            140.669098,
            40.832966
          ],
          [
            140.669192,
            40.832688
          ],
          [
            140.669753,
            40.832316
          ],
          [
            140.669876,
            40.832174
          ],
          [
            140.669006,
            40.831736
          ],
          [
            140.66776,
            40.831612
          ],
          [
            140.668017,
            40.83027
          ],
          [
            140.668686,
            40.830128
          ],
          [
            140.669091,
            40.830022
          ],
          [
            140.669168,
            40.829856
          ],
          [
            140.669177,
            40.829685
          ],
          [
            140.669223,
            40.829572
          ],
          [
            140.669551,
            40.829247
          ],
          [
            140.669674,
            40.829035
          ],
          [
            140.670064,
            40.828911
          ],
          [
            140.670398,
            40.828911
          ],
          [
            140.670757,
            40.828756
          ],
          [
            140.671186,
            40.828657
          ],
          [
            140.671473,
            40.828544
          ],
          [
            140.671948,
            40.828243
          ],
          [
            140.672548,
            40.828184
          ],
          [
            140.673076,
            40.828237
          ],
          [
            140.673318,
            40.828313
          ],
          [
            140.673426,
            40.828385
          ],
          [
            140.673761,
            40.82848
          ]
        ]
      }
    },
    {
      "type": "Feature",
      "properties": {
        "名前": "木工団地線",
        "ステータス": "作業予定あり（直近の作業日程が予定されているもの）",
        "直近作業予定日": "2月14日 作業予定",
        "指令": "新規指令",
        "更新日時": "2月11日 19:00 現在",
        "最終除雪日": "2月5日",
        "最終除雪日時": "2026-02-05 06:23:52",
        "指令継続": "4時間",
        "指令開始日時": "2026-02-12 09:36:13"
      },
      "geometry": {
        "type": "LineString",
        "coordinates": [
          [
            140.681955,
            40.828629
          ],
          [
            140.679653,
            40.82879
          ],
          [
            140.678652,
            40.828868
          ],
          [
            140.678652,
            40.82867
          ],
          [
            140.677028,
            40.828768
          ],
          [
            140.676614,
            40.82879
          ],
          [
            140.676056,
            40.828825
          ],
          [
            140.675531,
            40.828817
          ],
          [
            140.675047,
            40.828794
          ],
          [
            140.674576,
            40.828692
          ],
          [
            140.674145,
            40.828577
          ],
          [
            140.673801,
            40.828489
          ]
        ]
      }
    },
    {
      "type": "Feature",
      "properties": {
        "名前": "木工団地線",
        "ステータス": "作業予定あり（直近の作業日程が予定されているもの）",
        "直近作業予定日": "2月14日 作業予定",
        "指令": "新規指令",
        "更新日時": "2月11日 19:00 現在",
        "最終除雪日": "2月5日",
        "最終除雪日時": "2026-02-05 06:23:52",
        "指令継続": "4時間",
        "指令開始日時": "2026-02-12 09:36:13"
      },
      "geometry": {
        "type": "LineString",
        "coordinates": [
          [
            140.689338,
            40.83339
          ],
          [
            140.688323,
            40.832787
          ],
          [
            140.688352,
            40.83276
          ],
          [
            140.687127,
            40.831995
          ],
          [
            140.6871,
            40.832038
          ],
          [
            140.686911,
            40.831917
          ],
          [
            140.685869,
            40.831289
          ],
          [
            140.685741,
            40.831227
          ],
          [
            140.685228,
            40.831006
          ],
          [
            140.68457,
            40.830766
          ],
          [
            140.684122,
            40.830669
          ],
          [
            140.683888,
            40.830625
          ],
          [
            140.683079,
            40.830567
          ],
          [
            140.682293,
            40.830545
          ],
          [
            140.682187,
            40.83055
          ],
          [
            140.682124,
            40.829922
          ],
          [
            140.68202,
            40.829161
          ],
          [
            140.681938,
            40.828481
          ],
          [
            140.681867,
            40.82837
          ],
          [
            140.681867,
            40.827976
          ],
          [
            140.681856,
            40.827649
          ],
          [
            140.681774,
            40.827454
          ],
          [
            140.681658,
            40.827304
          ],
          [
            140.681408,
            40.827043
          ],
          [
            140.681367,
            40.827003
          ],
          [
            140.681192,
            40.826512
          ]
        ]
      }
    },
    {
      "type": "Feature",
      "properties": {
        "名前": "緑ｹ丘ﾆｭｰﾀｳﾝ線",
        "ステータス": "作業予定あり（直近の作業日程が予定されているもの）",
        "直近作業予定日": "2月12日 作業予定",
        "指令": "新規指令",
        "更新日時": "2月11日 19:00 現在",
        "指令継続": "4時間",
        "指令開始日時": "2026-02-12 09:36:13"
      },
      "geometry": {
        "type": "LineString",
        "coordinates": [
          [
            140.672195,
            40.827309
          ],
          [
            140.672314,
            40.826958
          ],
          [
            140.672341,
            40.826654
          ],
          [
            140.672211,
            40.826397
          ],
          [
            140.672047,
            40.826272
          ],
          [
            140.671767,
            40.826136
          ],
          [
            140.671453,
            40.825933
          ],
          [
            140.671167,
            40.825734
          ],
          [
            140.671085,
            40.825592
          ],
          [
            140.671091,
            40.825459
          ],
          [
            140.671429,
            40.824804
          ],
          [
            140.672181,
            40.823341
          ],
          [
            140.672472,
            40.822753
          ],
          [
            140.672495,
            40.822227
          ],
          [
            140.672524,
            40.821647
          ],
          [
            140.672658,
            40.821054
          ],
          [
            140.672849,
            40.820303
          ],
          [
            140.672874,
            40.819948
          ],
          [
            140.672856,
            40.819829
          ],
          [
            140.672758,
            40.819653
          ],
          [
            140.672361,
            40.819179
          ],
          [
            140.672216,
            40.819082
          ],
          [
            140.671994,
            40.819047
          ],
          [
            140.670125,
            40.819953
          ],
          [
            140.669432,
            40.820298
          ],
          [
            140.669252,
            40.820316
          ],
          [
            140.669047,
            40.820174
          ]
        ]
      }
    },
    {
      "type": "Feature",
      "properties": {
        "名前": "平岡団地線",
        "ステータス": "作業予定あり（直近の作業日程が予定されているもの）",
        "直近作業予定日": "2月11日 作業予定",
        "指令": "新規指令",
        "更新日時": "2月11日 19:00 現在",
        "最終除雪日": "2月11日",
        "最終除雪日時": "2026-02-11 06:34:15",
        "指令継続": "8日17時間",
        "指令開始日時": "2026-02-03 20:35:45"
      },
      "geometry": {
        "type": "LineString",
        "coordinates": [
          [
            140.686277,
            40.825473
          ],
          [
            140.686125,
            40.824964
          ],
          [
            140.686073,
            40.824751
          ],
          [
            140.685968,
            40.82457
          ],
          [
            140.68546,
            40.824092
          ],
          [
            140.685333,
            40.823954
          ],
          [
            140.685257,
            40.823684
          ],
          [
            140.68514,
            40.823167
          ],
          [
            140.68394,
            40.823295
          ],
          [
            140.683045,
            40.823432
          ],
          [
            140.682042,
            40.822352
          ],
          [
            140.681816,
            40.821989
          ],
          [
            140.681204,
            40.820576
          ],
          [
            140.680843,
            40.819731
          ],
          [
            140.680592,
            40.818987
          ],
          [
            140.680471,
            40.818579
          ],
          [
            140.680435,
            40.818398
          ],
          [
            140.68043,
            40.817672
          ],
          [
            140.68019,
            40.816761
          ],
          [
            140.680132,
            40.816565
          ],
          [
            140.679918,
            40.816282
          ],
          [
            140.679736,
            40.815989
          ]
        ]
      }
    },
    {
      "type": "Feature",
      "properties": {
        "名前": "平岡団地線",
        "ステータス": "作業予定あり（直近の作業日程が予定されているもの）",
        "直近作業予定日": "2月11日 作業予定",
        "指令": "新規指令",
        "更新日時": "2月11日 19:00 現在",
        "最終除雪日": "2月11日",
        "最終除雪日時": "2026-02-11 06:34:15",
        "指令継続": "8日17時間",
        "指令開始日時": "2026-02-03 20:35:45"
      },
      "geometry": {
        "type": "LineString",
        "coordinates": [
          [
            140.677547,
            40.827222
          ],
          [
            140.677571,
            40.826612
          ],
          [
            140.677321,
            40.826225
          ],
          [
            140.677242,
            40.825743
          ],
          [
            140.676987,
            40.825052
          ],
          [
            140.676941,
            40.824933
          ],
          [
            140.676749,
            40.82395
          ],
          [
            140.67669,
            40.82376
          ],
          [
            140.6769,
            40.823613
          ],
          [
            140.677075,
            40.823347
          ],
          [
            140.677169,
            40.823029
          ],
          [
            140.67722,
            40.822683
          ],
          [
            140.677238,
            40.822245
          ],
          [
            140.677244,
            40.822024
          ],
          [
            140.67719,
            40.821569
          ],
          [
            140.677116,
            40.821249
          ],
          [
            140.676738,
            40.820068
          ],
          [
            140.676154,
            40.818207
          ],
          [
            140.676044,
            40.817844
          ],
          [
            140.675893,
            40.817858
          ],
          [
            140.675439,
            40.818021
          ],
          [
            140.675001,
            40.818026
          ],
          [
            140.674128,
            40.818198
          ],
          [
            140.673563,
            40.817375
          ]
        ]
      }
    },
    {
      "type": "Feature",
      "properties": {
        "名前": "西高前通り線１",
        "ステータス": "現場確認中（現場確認中のもの）",
        "直近作業予定日": "-",
        "指令": "－",
        "更新日時": "2月11日 19:00 現在"
      },
      "geometry": {
        "type": "LineString",
        "coordinates": [
          [
            140.689188,
            40.827966
          ],
          [
            140.68943,
            40.829159
          ],
          [
            140.689578,
            40.830009
          ],
          [
            140.689684,
            40.830335
          ],
          [
            140.689794,
            40.830707
          ],
          [
            140.689866,
            40.830707
          ],
          [
            140.689851,
            40.829967
          ],
          [
            140.68972,
            40.829142
          ],
          [
            140.689566,
            40.827971
          ]
        ]
      }
    },
    {
      "type": "Feature",
      "properties": {
        "名前": "西高前通り線１",
        "ステータス": "現場確認中（現場確認中のもの）",
        "直近作業予定日": "-",
        "指令": "－",
        "更新日時": "2月11日 19:00 現在"
      },
      "geometry": {
        "type": "LineString",
        "coordinates": [
          [
            140.691699,
            40.827796
          ],
          [
            140.690396,
            40.827874
          ],
          [
            140.688952,
            40.827963
          ],
          [
            140.687901,
            40.828045
          ],
          [
            140.686827,
            40.828064
          ],
          [
            140.686502,
            40.828223
          ],
          [
            140.683121,
            40.828468
          ],
          [
            140.682906,
            40.828508
          ],
          [
            140.682655,
            40.828522
          ],
          [
            140.681968,
            40.828462
          ]
        ]
      }
    },
    {
      "type": "Feature",
      "properties": {
        "名前": "西高前通り線２",
        "ステータス": "現場確認中（現場確認中のもの）",
        "直近作業予定日": "-",
        "指令": "－",
        "更新日時": "2月11日 19:00 現在"
      },
      "geometry": {
        "type": "LineString",
        "coordinates": [
          [
            140.690385,
            40.827832
          ],
          [
            140.690396,
            40.827763
          ],
          [
            140.6904,
            40.827417
          ],
          [
            140.690452,
            40.827019
          ],
          [
            140.690492,
            40.826761
          ],
          [
            140.69072,
            40.826305
          ],
          [
            140.690726,
            40.825637
          ]
        ]
      }
    },
    {
      "type": "Feature",
      "properties": {
        "名前": "新青森駅南通り線",
        "ステータス": "現場確認中（現場確認中のもの）",
        "直近作業予定日": "-",
        "指令": "－",
        "更新日時": "2月11日 19:00 現在",
        "最終除雪日": "2月5日",
        "最終除雪日時": "2026-02-05 06:23:52"
      },
      "geometry": {
        "type": "LineString",
        "coordinates": [
          [
            140.693777,
            40.82644
          ],
          [
            140.694159,
            40.826612
          ],
          [
            140.694733,
            40.826907
          ],
          [
            140.694899,
            40.826847
          ]
        ]
      }
    },
    {
      "type": "Feature",
      "properties": {
        "名前": "新青森駅南通り線",
        "ステータス": "現場確認中（現場確認中のもの）",
        "直近作業予定日": "-",
        "指令": "－",
        "更新日時": "2月11日 19:00 現在",
        "最終除雪日": "2月5日",
        "最終除雪日時": "2026-02-05 06:23:52"
      },
      "geometry": {
        "type": "LineString",
        "coordinates": [
          [
            140.693764,
            40.825912
          ],
          [
            140.693768,
            40.826999
          ],
          [
            140.693817,
            40.82712
          ],
          [
            140.693983,
            40.827201
          ],
          [
            140.694238,
            40.827222
          ],
          [
            140.694575,
            40.827193
          ],
          [
            140.694667,
            40.827184
          ],
          [
            140.694733,
            40.827151
          ],
          [
            140.694801,
            40.827085
          ],
          [
            140.694843,
            40.826935
          ],
          [
            140.694902,
            40.826896
          ],
          [
            140.695021,
            40.826876
          ]
        ]
      }
    },
    {
      "type": "Feature",
      "properties": {
        "名前": "新青森駅南通り線",
        "ステータス": "現場確認中（現場確認中のもの）",
        "直近作業予定日": "-",
        "指令": "－",
        "更新日時": "2月11日 19:00 現在",
        "最終除雪日": "2月5日",
        "最終除雪日時": "2026-02-05 06:23:52"
      },
      "geometry": {
        "type": "LineString",
        "coordinates": [
          [
            140.694742,
            40.826914
          ],
          [
            140.69473,
            40.827117
          ],
          [
            140.694653,
            40.827047
          ],
          [
            140.694561,
            40.827047
          ],
          [
            140.694436,
            40.827076
          ],
          [
            140.694253,
            40.827141
          ],
          [
            140.694229,
            40.827206
          ]
        ]
      }
    },
    {
      "type": "Feature",
      "properties": {
        "名前": "新青森駅南通り線",
        "ステータス": "現場確認中（現場確認中のもの）",
        "直近作業予定日": "-",
        "指令": "－",
        "更新日時": "2月11日 19:00 現在",
        "最終除雪日": "2月5日",
        "最終除雪日時": "2026-02-05 06:23:52"
      },
      "geometry": {
        "type": "LineString",
        "coordinates": [
          [
            140.693012,
            40.816145
          ],
          [
            140.692967,
            40.816325
          ],
          [
            140.693575,
            40.819656
          ],
          [
            140.693714,
            40.82054
          ],
          [
            140.693778,
            40.821852
          ],
          [
            140.693796,
            40.823692
          ],
          [
            140.693762,
            40.825831
          ]
        ]
      }
    },
    {
      "type": "Feature",
      "properties": {
        "名前": "石神線",
        "ステータス": "現場確認中（現場確認中のもの）",
        "直近作業予定日": "-",
        "指令": "－",
        "更新日時": "2月11日 19:00 現在",
        "最終除雪日": "2月11日",
        "最終除雪日時": "2026-02-11 06:34:15"
      },
      "geometry": {
        "type": "LineString",
        "coordinates": [
          [
            140.696291,
            40.826301
          ],
          [
            140.696364,
            40.827129
          ],
          [
            140.696437,
            40.827467
          ],
          [
            140.69657,
            40.827681
          ],
          [
            140.696666,
            40.827805
          ],
          [
            140.697149,
            40.828249
          ],
          [
            140.697477,
            40.828617
          ],
          [
            140.697564,
            40.828777
          ],
          [
            140.697727,
            40.829211
          ],
          [
            140.698111,
            40.829879
          ],
          [
            140.698285,
            40.830326
          ],
          [
            140.69835,
            40.830876
          ],
          [
            140.698263,
            40.831557
          ],
          [
            140.698181,
            40.832054
          ],
          [
            140.699056,
            40.832182
          ],
          [
            140.699167,
            40.832226
          ],
          [
            140.69916,
            40.832349
          ],
          [
            140.699009,
            40.832735
          ],
          [
            140.698987,
            40.832969
          ]
        ]
      }
    },
    {
      "type": "Feature",
      "properties": {
        "名前": "石江江渡線",
        "ステータス": "現場確認中（現場確認中のもの）",
        "直近作業予定日": "-",
        "指令": "－",
        "更新日時": "2月11日 19:00 現在",
        "最終除雪日": "2月11日",
        "最終除雪日時": "2026-02-11 06:34:15"
      },
      "geometry": {
        "type": "LineString",
        "coordinates": [
          [
            140.701721,
            40.821577
          ],
          [
            140.701038,
            40.822086
          ],
          [
            140.700847,
            40.822267
          ],
          [
            140.700766,
            40.822554
          ],
          [
            140.700601,
            40.822678
          ],
          [
            140.699018,
            40.822683
          ]
        ]
      }
    },
    {
      "type": "Feature",
      "properties": {
        "名前": "石江江渡線",
        "ステータス": "現場確認中（現場確認中のもの）",
        "直近作業予定日": "-",
        "指令": "－",
        "更新日時": "2月11日 19:00 現在",
        "最終除雪日": "2月11日",
        "最終除雪日時": "2026-02-11 06:34:15"
      },
      "geometry": {
        "type": "LineString",
        "coordinates": [
          [
            140.700759,
            40.824979
          ],
          [
            140.700694,
            40.82481
          ],
          [
            140.700632,
            40.824655
          ],
          [
            140.700462,
            40.824447
          ],
          [
            140.700083,
            40.824266
          ],
          [
            140.699938,
            40.824129
          ],
          [
            140.699699,
            40.823643
          ],
          [
            140.698989,
            40.822682
          ],
          [
            140.698942,
            40.822528
          ],
          [
            140.698972,
            40.822285
          ],
          [
            140.698994,
            40.8222
          ],
          [
            140.697311,
            40.821904
          ],
          [
            140.697159,
            40.822042
          ],
          [
            140.695692,
            40.821793
          ],
          [
            140.695319,
            40.822409
          ],
          [
            140.695145,
            40.822855
          ],
          [
            140.695035,
            40.822904
          ],
          [
            140.693833,
            40.823011
          ]
        ]
      }
    },
    {
      "type": "Feature",
      "properties": {
        "名前": "石江江渡線",
        "ステータス": "現場確認中（現場確認中のもの）",
        "直近作業予定日": "-",
        "指令": "－",
        "更新日時": "2月11日 19:00 現在",
        "最終除雪日": "2月11日",
        "最終除雪日時": "2026-02-11 06:34:15"
      },
      "geometry": {
        "type": "LineString",
        "coordinates": [
          [
            140.695685,
            40.821784
          ],
          [
            140.695871,
            40.821255
          ],
          [
            140.696042,
            40.82089
          ],
          [
            140.696102,
            40.820766
          ],
          [
            140.696317,
            40.820507
          ],
          [
            140.696355,
            40.820423
          ],
          [
            140.696392,
            40.820237
          ],
          [
            140.696377,
            40.820192
          ],
          [
            140.696103,
            40.820085
          ],
          [
            140.696141,
            40.819933
          ],
          [
            140.696193,
            40.819669
          ]
        ]
      }
    },
    {
      "type": "Feature",
      "properties": {
        "名前": "石江線",
        "ステータス": "作業日程調整中（作業日程を調整中のもの）",
        "直近作業予定日": "調整中",
        "指令": "新規指令",
        "更新日時": "2月11日 19:00 現在",
        "最終除雪日": "2月5日",
        "最終除雪日時": "2026-02-05 06:23:52",
        "指令継続": "4時間",
        "指令開始日時": "2026-02-12 09:36:13"
      },
      "geometry": {
        "type": "LineString",
        "coordinates": [
          [
            140.704458,
            40.822612
          ],
          [
            140.703136,
            40.822267
          ],
          [
            140.702467,
            40.822016
          ],
          [
            140.701889,
            40.821577
          ],
          [
            140.701679,
            40.821555
          ],
          [
            140.700747,
            40.821059
          ],
          [
            140.700608,
            40.820971
          ],
          [
            140.700194,
            40.820754
          ],
          [
            140.699641,
            40.820529
          ],
          [
            140.698594,
            40.820135
          ],
          [
            140.698074,
            40.819963
          ],
          [
            140.697412,
            40.819777
          ],
          [
            140.696881,
            40.819662
          ],
          [
            140.696205,
            40.81964
          ],
          [
            140.6956,
            40.819534
          ],
          [
            140.695371,
            40.819604
          ],
          [
            140.694557,
            40.819569
          ],
          [
            140.693691,
            40.820032
          ]
        ]
      }
    },
    {
      "type": "Feature",
      "properties": {
        "名前": "石江線",
        "ステータス": "作業日程調整中（作業日程を調整中のもの）",
        "直近作業予定日": "調整中",
        "指令": "新規指令",
        "更新日時": "2月11日 19:00 現在",
        "最終除雪日": "2月5日",
        "最終除雪日時": "2026-02-05 06:23:52",
        "指令継続": "4時間",
        "指令開始日時": "2026-02-12 09:36:13"
      },
      "geometry": {
        "type": "LineString",
        "coordinates": [
          [
            140.693596,
            40.820093
          ],
          [
            140.693281,
            40.820211
          ],
          [
            140.691337,
            40.820559
          ]
        ]
      }
    },
    {
      "type": "Feature",
      "properties": {
        "名前": "三好地区線",
        "ステータス": "現場確認中（現場確認中のもの）",
        "直近作業予定日": "-",
        "指令": "－",
        "更新日時": "2月11日 19:00 現在",
        "最終除雪日": "2月11日",
        "最終除雪日時": "2026-02-11 06:34:15"
      },
      "geometry": {
        "type": "LineString",
        "coordinates": [
          [
            140.705763,
            40.830447
          ],
          [
            140.707468,
            40.831318
          ]
        ]
      }
    },
    {
      "type": "Feature",
      "properties": {
        "名前": "三好地区線",
        "ステータス": "現場確認中（現場確認中のもの）",
        "直近作業予定日": "-",
        "指令": "－",
        "更新日時": "2月11日 19:00 現在",
        "最終除雪日": "2月11日",
        "最終除雪日時": "2026-02-11 06:34:15"
      },
      "geometry": {
        "type": "LineString",
        "coordinates": [
          [
            140.705769,
            40.830339
          ],
          [
            140.707629,
            40.830931
          ]
        ]
      }
    },
    {
      "type": "Feature",
      "properties": {
        "名前": "三好地区線",
        "ステータス": "現場確認中（現場確認中のもの）",
        "直近作業予定日": "-",
        "指令": "－",
        "更新日時": "2月11日 19:00 現在",
        "最終除雪日": "2月11日",
        "最終除雪日時": "2026-02-11 06:34:15"
      },
      "geometry": {
        "type": "LineString",
        "coordinates": [
          [
            140.706516,
            40.833186
          ],
          [
            140.706112,
            40.833752
          ],
          [
            140.70569,
            40.834292
          ],
          [
            140.705654,
            40.834346
          ],
          [
            140.705279,
            40.835346
          ],
          [
            140.704982,
            40.835777
          ],
          [
            140.704306,
            40.835493
          ],
          [
            140.703755,
            40.835227
          ],
          [
            140.703288,
            40.834898
          ],
          [
            140.702986,
            40.834568
          ],
          [
            140.702661,
            40.834095
          ]
        ]
      }
    },
    {
      "type": "Feature",
      "properties": {
        "名前": "三好地区線",
        "ステータス": "現場確認中（現場確認中のもの）",
        "直近作業予定日": "-",
        "指令": "－",
        "更新日時": "2月11日 19:00 現在",
        "最終除雪日": "2月11日",
        "最終除雪日時": "2026-02-11 06:34:15"
      },
      "geometry": {
        "type": "LineString",
        "coordinates": [
          [
            140.707549,
            40.827969
          ],
          [
            140.707898,
            40.828368
          ],
          [
            140.708705,
            40.82912
          ],
          [
            140.70862,
            40.829244
          ],
          [
            140.708336,
            40.829624
          ],
          [
            140.708148,
            40.829876
          ],
          [
            140.708009,
            40.830095
          ],
          [
            140.707967,
            40.830192
          ],
          [
            140.707803,
            40.830498
          ],
          [
            140.707749,
            40.83064
          ],
          [
            140.707615,
            40.831089
          ],
          [
            140.707543,
            40.831327
          ],
          [
            140.70744,
            40.831483
          ],
          [
            140.707149,
            40.832174
          ],
          [
            140.706949,
            40.832587
          ],
          [
            140.706713,
            40.832912
          ],
          [
            140.706544,
            40.83315
          ],
          [
            140.706092,
            40.832929
          ],
          [
            140.705296,
            40.832516
          ],
          [
            140.704143,
            40.833216
          ],
          [
            140.702844,
            40.833984
          ],
          [
            140.702663,
            40.834071
          ],
          [
            140.702404,
            40.834139
          ],
          [
            140.702126,
            40.834185
          ],
          [
            140.701028,
            40.83422
          ]
        ]
      }
    },
    {
      "type": "Feature",
      "properties": {
        "名前": "西滝菅野屋線",
        "ステータス": "現場確認中（現場確認中のもの）",
        "直近作業予定日": "-",
        "指令": "－",
        "更新日時": "2月11日 19:00 現在",
        "最終除雪日": "2月5日",
        "最終除雪日時": "2026-02-05 06:23:52"
      },
      "geometry": {
        "type": "LineString",
        "coordinates": [
          [
            140.710403,
            40.821391
          ],
          [
            140.710999,
            40.821373
          ],
          [
            140.711176,
            40.821445
          ],
          [
            140.711295,
            40.821554
          ],
          [
            140.711849,
            40.82174
          ],
          [
            140.712224,
            40.82096
          ],
          [
            140.712792,
            40.819905
          ],
          [
            140.713647,
            40.818469
          ],
          [
            140.714041,
            40.817771
          ],
          [
            140.714027,
            40.817571
          ],
          [
            140.714097,
            40.817408
          ]
        ]
      }
    },
    {
      "type": "Feature",
      "properties": {
        "名前": "丸山線",
        "ステータス": "作業予定あり（直近の作業日程が予定されているもの）",
        "直近作業予定日": "2月11日 作業予定",
        "指令": "継続指令",
        "更新日時": "2月11日 19:00 現在",
        "指令継続": "4時間",
        "指令開始日時": "2026-02-12 09:36:13"
      },
      "geometry": {
        "type": "LineString",
        "coordinates": [
          [
            140.704085,
            40.814502
          ],
          [
            140.703493,
            40.814445
          ]
        ]
      }
    },
    {
      "type": "Feature",
      "properties": {
        "名前": "丸山線",
        "ステータス": "作業予定あり（直近の作業日程が予定されているもの）",
        "直近作業予定日": "2月11日 作業予定",
        "指令": "継続指令",
        "更新日時": "2月11日 19:00 現在",
        "指令継続": "4時間",
        "指令開始日時": "2026-02-12 09:36:13"
      },
      "geometry": {
        "type": "LineString",
        "coordinates": [
          [
            140.708562,
            40.817434
          ],
          [
            140.708766,
            40.817265
          ],
          [
            140.708943,
            40.816759
          ],
          [
            140.708999,
            40.816499
          ],
          [
            140.708769,
            40.81583
          ],
          [
            140.708251,
            40.815316
          ],
          [
            140.707335,
            40.814759
          ],
          [
            140.707169,
            40.814675
          ],
          [
            140.706521,
            40.814561
          ],
          [
            140.70615,
            40.814547
          ],
          [
            140.705288,
            40.814359
          ],
          [
            140.705043,
            40.814358
          ],
          [
            140.704726,
            40.814417
          ],
          [
            140.704382,
            40.814489
          ]
        ]
      }
    },
    {
      "type": "Feature",
      "properties": {
        "名前": "丸山線",
        "ステータス": "作業予定あり（直近の作業日程が予定されているもの）",
        "直近作業予定日": "2月11日 作業予定",
        "指令": "継続指令",
        "更新日時": "2月11日 19:00 現在",
        "指令継続": "4時間",
        "指令開始日時": "2026-02-12 09:36:13"
      },
      "geometry": {
        "type": "LineString",
        "coordinates": [
          [
            140.702943,
            40.812915
          ],
          [
            140.70278,
            40.813005
          ],
          [
            140.702564,
            40.813179
          ],
          [
            140.702342,
            40.813376
          ],
          [
            140.702156,
            40.813545
          ],
          [
            140.701243,
            40.814382
          ],
          [
            140.701035,
            40.814579
          ],
          [
            140.700984,
            40.814613
          ]
        ]
      }
    },
    {
      "type": "Feature",
      "properties": {
        "名前": "三内浪館線",
        "ステータス": "現場確認中（現場確認中のもの）",
        "直近作業予定日": "-",
        "指令": "－",
        "更新日時": "2月11日 19:00 現在",
        "最終除雪日": "2月5日",
        "最終除雪日時": "2026-02-05 06:23:52"
      },
      "geometry": {
        "type": "LineString",
        "coordinates": [
          [
            140.711427,
            40.809619
          ],
          [
            140.710844,
            40.809516
          ],
          [
            140.710492,
            40.809481
          ],
          [
            140.710134,
            40.809306
          ],
          [
            140.709792,
            40.80928
          ],
          [
            140.709642,
            40.809328
          ],
          [
            140.709046,
            40.809451
          ],
          [
            140.708448,
            40.809683
          ],
          [
            140.707819,
            40.809705
          ],
          [
            140.707129,
            40.80968
          ],
          [
            140.706998,
            40.80964
          ],
          [
            140.706833,
            40.809523
          ],
          [
            140.706627,
            40.809331
          ],
          [
            140.706346,
            40.809224
          ],
          [
            140.706116,
            40.809106
          ],
          [
            140.705289,
            40.809782
          ],
          [
            140.704844,
            40.810042
          ],
          [
            140.703657,
            40.810829
          ]
        ]
      }
    },
    {
      "type": "Feature",
      "properties": {
        "名前": "浪館西滝線１",
        "ステータス": "現場確認中（現場確認中のもの）",
        "直近作業予定日": "-",
        "指令": "－",
        "更新日時": "2月11日 19:00 現在",
        "最終除雪日": "2月7日",
        "最終除雪日時": "2026-02-07 06:21:13"
      },
      "geometry": {
        "type": "LineString",
        "coordinates": [
          [
            140.716372,
            40.81817
          ],
          [
            140.716379,
            40.818245
          ],
          [
            140.716656,
            40.818854
          ],
          [
            140.716751,
            40.819128
          ],
          [
            140.716808,
            40.819334
          ],
          [
            140.717101,
            40.82003
          ],
          [
            140.717323,
            40.820378
          ],
          [
            140.717466,
            40.820518
          ],
          [
            140.718832,
            40.821489
          ],
          [
            140.719696,
            40.822077
          ],
          [
            140.720007,
            40.822239
          ],
          [
            140.720165,
            40.822277
          ],
          [
            140.720365,
            40.822303
          ],
          [
            140.721468,
            40.822428
          ],
          [
            140.722082,
            40.82251
          ]
        ]
      }
    },
    {
      "type": "Feature",
      "properties": {
        "名前": "浪館西滝線２",
        "ステータス": "現場確認中（現場確認中のもの）",
        "直近作業予定日": "-",
        "指令": "－",
        "更新日時": "2月11日 19:00 現在",
        "最終除雪日": "2月11日",
        "最終除雪日時": "2026-02-11 06:34:15"
      },
      "geometry": {
        "type": "LineString",
        "coordinates": [
          [
            140.716249,
            40.818022
          ],
          [
            140.716149,
            40.817768
          ],
          [
            140.71606,
            40.817515
          ],
          [
            140.716016,
            40.817303
          ],
          [
            140.715994,
            40.817032
          ],
          [
            140.716051,
            40.816753
          ],
          [
            140.716129,
            40.816618
          ],
          [
            140.716129,
            40.816457
          ],
          [
            140.716129,
            40.816356
          ],
          [
            140.716274,
            40.816145
          ],
          [
            140.716241,
            40.815865
          ],
          [
            140.716131,
            40.815552
          ],
          [
            140.716075,
            40.815434
          ],
          [
            140.716053,
            40.815273
          ],
          [
            140.716009,
            40.815146
          ],
          [
            140.71582,
            40.815019
          ],
          [
            140.715686,
            40.814909
          ],
          [
            140.715431,
            40.814528
          ],
          [
            140.715398,
            40.814342
          ],
          [
            140.715543,
            40.814069
          ],
          [
            140.716503,
            40.812624
          ],
          [
            140.716994,
            40.811956
          ],
          [
            140.717307,
            40.811533
          ],
          [
            140.71773,
            40.811111
          ],
          [
            140.717909,
            40.810925
          ]
        ]
      }
    },
    {
      "type": "Feature",
      "properties": {
        "名前": "浪館西滝線３",
        "ステータス": "現場確認中（現場確認中のもの）",
        "直近作業予定日": "-",
        "指令": "－",
        "更新日時": "2月11日 19:00 現在"
      },
      "geometry": {
        "type": "LineString",
        "coordinates": [
          [
            140.721891,
            40.819246
          ],
          [
            140.722025,
            40.818755
          ],
          [
            140.722204,
            40.818519
          ],
          [
            140.722494,
            40.818096
          ],
          [
            140.722628,
            40.817809
          ],
          [
            140.722774,
            40.817394
          ],
          [
            140.722908,
            40.817048
          ],
          [
            140.723075,
            40.816853
          ],
          [
            140.723644,
            40.816177
          ],
          [
            140.723678,
            40.815957
          ],
          [
            140.7237,
            40.815797
          ],
          [
            140.724247,
            40.815307
          ]
        ]
      }
    },
    {
      "type": "Feature",
      "properties": {
        "名前": "西滝富永線",
        "ステータス": "現場確認中（現場確認中のもの）",
        "直近作業予定日": "-",
        "指令": "－",
        "更新日時": "2月11日 19:00 現在",
        "最終除雪日": "2月5日",
        "最終除雪日時": "2026-02-05 06:23:52"
      },
      "geometry": {
        "type": "LineString",
        "coordinates": [
          [
            140.717516,
            40.824621
          ],
          [
            140.717847,
            40.824679
          ],
          [
            140.718036,
            40.824747
          ],
          [
            140.718668,
            40.824855
          ],
          [
            140.718747,
            40.824885
          ],
          [
            140.719967,
            40.825079
          ],
          [
            140.71999,
            40.824669
          ],
          [
            140.719952,
            40.824457
          ],
          [
            140.721432,
            40.824745
          ]
        ]
      }
    },
    {
      "type": "Feature",
      "properties": {
        "名前": "西滝富永線",
        "ステータス": "現場確認中（現場確認中のもの）",
        "直近作業予定日": "-",
        "指令": "－",
        "更新日時": "2月11日 19:00 現在",
        "最終除雪日": "2月5日",
        "最終除雪日時": "2026-02-05 06:23:52"
      },
      "geometry": {
        "type": "LineString",
        "coordinates": [
          [
            140.713811,
            40.824739
          ],
          [
            140.71392,
            40.825075
          ],
          [
            140.714154,
            40.825585
          ],
          [
            140.715084,
            40.825793
          ],
          [
            140.715295,
            40.825831
          ],
          [
            140.715765,
            40.825803
          ],
          [
            140.715847,
            40.825716
          ],
          [
            140.715916,
            40.82525
          ],
          [
            140.716732,
            40.82519
          ],
          [
            140.716846,
            40.825193
          ],
          [
            140.717338,
            40.82529
          ],
          [
            140.717523,
            40.825282
          ],
          [
            140.717595,
            40.82519
          ],
          [
            140.717463,
            40.824324
          ],
          [
            140.717568,
            40.824276
          ],
          [
            140.718055,
            40.823864
          ],
          [
            140.718416,
            40.823481
          ],
          [
            140.718637,
            40.823138
          ],
          [
            140.718721,
            40.822992
          ],
          [
            140.718766,
            40.8227
          ],
          [
            140.718818,
            40.82252
          ],
          [
            140.719225,
            40.821768
          ]
        ]
      }
    },
    {
      "type": "Feature",
      "properties": {
        "名前": "千刈線",
        "ステータス": "作業予定あり（直近の作業日程が予定されているもの）",
        "直近作業予定日": "2月11日 作業予定",
        "指令": "新規指令",
        "更新日時": "2月11日 19:00 現在",
        "指令継続": "4時間",
        "指令開始日時": "2026-02-12 09:36:13"
      },
      "geometry": {
        "type": "LineString",
        "coordinates": [
          [
            140.723314,
            40.825993
          ],
          [
            140.723216,
            40.82545
          ],
          [
            140.726224,
            40.825233
          ],
          [
            140.727708,
            40.825119
          ]
        ]
      }
    },
    {
      "type": "Feature",
      "properties": {
        "名前": "千刈線",
        "ステータス": "作業予定あり（直近の作業日程が予定されているもの）",
        "直近作業予定日": "2月11日 作業予定",
        "指令": "新規指令",
        "更新日時": "2月11日 19:00 現在",
        "指令継続": "4時間",
        "指令開始日時": "2026-02-12 09:36:13"
      },
      "geometry": {
        "type": "LineString",
        "coordinates": [
          [
            140.726269,
            40.825525
          ],
          [
            140.726219,
            40.825293
          ],
          [
            140.726071,
            40.824258
          ],
          [
            140.726037,
            40.82401
          ],
          [
            140.726269,
            40.823723
          ]
        ]
      }
    },
    {
      "type": "Feature",
      "properties": {
        "名前": "千刈線",
        "ステータス": "作業予定あり（直近の作業日程が予定されているもの）",
        "直近作業予定日": "2月11日 作業予定",
        "指令": "新規指令",
        "更新日時": "2月11日 19:00 現在",
        "指令継続": "4時間",
        "指令開始日時": "2026-02-12 09:36:13"
      },
      "geometry": {
        "type": "LineString",
        "coordinates": [
          [
            140.727802,
            40.825113
          ],
          [
            140.728355,
            40.825053
          ],
          [
            140.728961,
            40.825041
          ],
          [
            140.729459,
            40.825062
          ]
        ]
      }
    },
    {
      "type": "Feature",
      "properties": {
        "名前": "千刈久須志線",
        "ステータス": "現場確認中（現場確認中のもの）",
        "直近作業予定日": "-",
        "指令": "－",
        "更新日時": "2月11日 19:00 現在",
        "最終除雪日": "2月11日",
        "最終除雪日時": "2026-02-11 06:34:15"
      },
      "geometry": {
        "type": "LineString",
        "coordinates": [
          [
            140.725331,
            40.817854
          ],
          [
            140.725026,
            40.817849
          ],
          [
            140.724897,
            40.817881
          ],
          [
            140.724722,
            40.817964
          ],
          [
            140.724581,
            40.818071
          ],
          [
            140.724979,
            40.818284
          ]
        ]
      }
    },
    {
      "type": "Feature",
      "properties": {
        "名前": "千刈久須志線",
        "ステータス": "現場確認中（現場確認中のもの）",
        "直近作業予定日": "-",
        "指令": "－",
        "更新日時": "2月11日 19:00 現在",
        "最終除雪日": "2月11日",
        "最終除雪日時": "2026-02-11 06:34:15"
      },
      "geometry": {
        "type": "LineString",
        "coordinates": [
          [
            140.724584,
            40.818078
          ],
          [
            140.724397,
            40.818211
          ],
          [
            140.724082,
            40.818493
          ],
          [
            140.723531,
            40.818979
          ],
          [
            140.723196,
            40.819304
          ],
          [
            140.72304,
            40.819468
          ],
          [
            140.722868,
            40.819998
          ],
          [
            140.722758,
            40.820348
          ],
          [
            140.722736,
            40.820407
          ],
          [
            140.722739,
            40.820513
          ],
          [
            140.722688,
            40.820694
          ],
          [
            140.722469,
            40.821351
          ],
          [
            140.722345,
            40.821745
          ],
          [
            140.72236,
            40.821852
          ],
          [
            140.722412,
            40.821971
          ],
          [
            140.722239,
            40.822125
          ],
          [
            140.722193,
            40.822258
          ],
          [
            140.722087,
            40.822531
          ],
          [
            140.721954,
            40.822866
          ],
          [
            140.721826,
            40.823227
          ],
          [
            140.721772,
            40.823381
          ],
          [
            140.721759,
            40.823761
          ],
          [
            140.721752,
            40.823965
          ],
          [
            140.72167,
            40.824229
          ],
          [
            140.721528,
            40.824611
          ],
          [
            140.721483,
            40.824756
          ]
        ]
      }
    },
    {
      "type": "Feature",
      "properties": {
        "名前": "千刈久須志線",
        "ステータス": "現場確認中（現場確認中のもの）",
        "直近作業予定日": "-",
        "指令": "－",
        "更新日時": "2月11日 19:00 現在",
        "最終除雪日": "2月11日",
        "最終除雪日時": "2026-02-11 06:34:15"
      },
      "geometry": {
        "type": "LineString",
        "coordinates": [
          [
            140.726374,
            40.816773
          ],
          [
            140.725364,
            40.817825
          ],
          [
            140.725227,
            40.818266
          ],
          [
            140.724961,
            40.818284
          ],
          [
            140.724822,
            40.8183
          ],
          [
            140.723826,
            40.820092
          ],
          [
            140.723988,
            40.820652
          ],
          [
            140.72573,
            40.821609
          ],
          [
            140.726022,
            40.821391
          ],
          [
            140.726385,
            40.821645
          ],
          [
            140.726532,
            40.821814
          ],
          [
            140.726597,
            40.822001
          ],
          [
            140.726646,
            40.82212
          ],
          [
            140.726754,
            40.822251
          ]
        ]
      }
    },
    {
      "type": "Feature",
      "properties": {
        "名前": "千刈久須志線",
        "ステータス": "現場確認中（現場確認中のもの）",
        "直近作業予定日": "-",
        "指令": "－",
        "更新日時": "2月11日 19:00 現在",
        "最終除雪日": "2月11日",
        "最終除雪日時": "2026-02-11 06:34:15"
      },
      "geometry": {
        "type": "LineString",
        "coordinates": [
          [
            140.721678,
            40.824229
          ],
          [
            140.722131,
            40.824317
          ],
          [
            140.722149,
            40.824255
          ],
          [
            140.723015,
            40.824086
          ],
          [
            140.724042,
            40.823897
          ],
          [
            140.724257,
            40.823856
          ],
          [
            140.724295,
            40.823947
          ],
          [
            140.724748,
            40.823746
          ],
          [
            140.724952,
            40.82366
          ],
          [
            140.725315,
            40.823435
          ],
          [
            140.725826,
            40.823121
          ],
          [
            140.726056,
            40.823154
          ]
        ]
      }
    },
    {
      "type": "Feature",
      "properties": {
        "名前": "千刈久須志線",
        "ステータス": "現場確認中（現場確認中のもの）",
        "直近作業予定日": "-",
        "指令": "－",
        "更新日時": "2月11日 19:00 現在",
        "最終除雪日": "2月11日",
        "最終除雪日時": "2026-02-11 06:34:15"
      },
      "geometry": {
        "type": "LineString",
        "coordinates": [
          [
            140.723773,
            40.818765
          ],
          [
            140.723256,
            40.818684
          ],
          [
            140.72283,
            40.818621
          ],
          [
            140.722691,
            40.818609
          ],
          [
            140.72264,
            40.818628
          ],
          [
            140.7226,
            40.81869
          ],
          [
            140.72246,
            40.819036
          ],
          [
            140.722332,
            40.819348
          ],
          [
            140.722321,
            40.819395
          ],
          [
            140.722321,
            40.819396
          ]
        ]
      }
    },
    {
      "type": "Feature",
      "properties": {
        "名前": "千刈久須志線",
        "ステータス": "現場確認中（現場確認中のもの）",
        "直近作業予定日": "-",
        "指令": "－",
        "更新日時": "2月11日 19:00 現在",
        "最終除雪日": "2月11日",
        "最終除雪日時": "2026-02-11 06:34:15"
      },
      "geometry": {
        "type": "LineString",
        "coordinates": [
          [
            140.722331,
            40.819347
          ],
          [
            140.72188,
            40.81926
          ]
        ]
      }
    },
    {
      "type": "Feature",
      "properties": {
        "名前": "千富金沢線１",
        "ステータス": "作業予定あり（直近の作業日程が予定されているもの）",
        "直近作業予定日": "2月11日 作業予定",
        "指令": "継続指令",
        "更新日時": "2月11日 19:00 現在",
        "最終除雪日": "2月11日",
        "最終除雪日時": "2026-02-11 06:34:15",
        "指令継続": "8日17時間",
        "指令開始日時": "2026-02-03 20:35:45"
      },
      "geometry": {
        "type": "LineString",
        "coordinates": [
          [
            140.729959,
            40.816224
          ],
          [
            140.729827,
            40.816058
          ],
          [
            140.729312,
            40.815614
          ],
          [
            140.72874,
            40.815162
          ],
          [
            140.728338,
            40.814855
          ],
          [
            140.727469,
            40.814295
          ],
          [
            140.727207,
            40.814057
          ],
          [
            140.727031,
            40.814006
          ],
          [
            140.726906,
            40.814029
          ],
          [
            140.726233,
            40.814346
          ],
          [
            140.726454,
            40.814676
          ],
          [
            140.726497,
            40.814788
          ],
          [
            140.726396,
            40.81568
          ],
          [
            140.726288,
            40.815937
          ],
          [
            140.726041,
            40.816449
          ]
        ]
      }
    },
    {
      "type": "Feature",
      "properties": {
        "名前": "千富金沢線１",
        "ステータス": "作業予定あり（直近の作業日程が予定されているもの）",
        "直近作業予定日": "2月11日 作業予定",
        "指令": "継続指令",
        "更新日時": "2月11日 19:00 現在",
        "最終除雪日": "2月11日",
        "最終除雪日時": "2026-02-11 06:34:15",
        "指令継続": "8日17時間",
        "指令開始日時": "2026-02-03 20:35:45"
      },
      "geometry": {
        "type": "LineString",
        "coordinates": [
          [
            140.726192,
            40.814332
          ],
          [
            140.726098,
            40.814253
          ],
          [
            140.726038,
            40.814077
          ],
          [
            140.726022,
            40.813692
          ],
          [
            140.726048,
            40.813497
          ],
          [
            140.726031,
            40.81321
          ],
          [
            140.725929,
            40.812792
          ],
          [
            140.725775,
            40.812655
          ],
          [
            140.725569,
            40.81244
          ],
          [
            140.725337,
            40.812231
          ],
          [
            140.724746,
            40.811617
          ],
          [
            140.724403,
            40.811284
          ],
          [
            140.724215,
            40.811121
          ],
          [
            140.724066,
            40.810977
          ],
          [
            140.723192,
            40.810063
          ],
          [
            140.72257,
            40.809469
          ]
        ]
      }
    },
    {
      "type": "Feature",
      "properties": {
        "名前": "千富金沢線１",
        "ステータス": "作業予定あり（直近の作業日程が予定されているもの）",
        "直近作業予定日": "2月11日 作業予定",
        "指令": "継続指令",
        "更新日時": "2月11日 19:00 現在",
        "最終除雪日": "2月11日",
        "最終除雪日時": "2026-02-11 06:34:15",
        "指令継続": "8日17時間",
        "指令開始日時": "2026-02-03 20:35:45"
      },
      "geometry": {
        "type": "LineString",
        "coordinates": [
          [
            140.731283,
            40.8195
          ],
          [
            140.731216,
            40.819162
          ],
          [
            140.730902,
            40.818715
          ],
          [
            140.73066,
            40.818276
          ],
          [
            140.730472,
            40.817651
          ],
          [
            140.730347,
            40.817236
          ],
          [
            140.730197,
            40.816627
          ],
          [
            140.729967,
            40.816214
          ],
          [
            140.730522,
            40.816024
          ],
          [
            140.731458,
            40.815884
          ],
          [
            140.732766,
            40.815644
          ],
          [
            140.733004,
            40.815615
          ],
          [
            140.733142,
            40.815628
          ],
          [
            140.734579,
            40.815961
          ],
          [
            140.735059,
            40.816123
          ]
        ]
      }
    },
    {
      "type": "Feature",
      "properties": {
        "名前": "千富金沢線２",
        "ステータス": "作業予定あり（直近の作業日程が予定されているもの）",
        "直近作業予定日": "2月11日 作業予定",
        "指令": "継続指令",
        "更新日時": "2月11日 19:00 現在",
        "最終除雪日": "2月11日",
        "最終除雪日時": "2026-02-11 06:34:15",
        "指令継続": "6日16時間",
        "指令開始日時": "2026-02-05 21:36:30"
      },
      "geometry": {
        "type": "LineString",
        "coordinates": [
          [
            140.733587,
            40.819969
          ],
          [
            140.733448,
            40.818685
          ],
          [
            140.733641,
            40.818657
          ],
          [
            140.734515,
            40.818489
          ]
        ]
      }
    },
    {
      "type": "Feature",
      "properties": {
        "名前": "千富金沢線２",
        "ステータス": "作業予定あり（直近の作業日程が予定されているもの）",
        "直近作業予定日": "2月11日 作業予定",
        "指令": "継続指令",
        "更新日時": "2月11日 19:00 現在",
        "最終除雪日": "2月11日",
        "最終除雪日時": "2026-02-11 06:34:15",
        "指令継続": "6日16時間",
        "指令開始日時": "2026-02-05 21:36:30"
      },
      "geometry": {
        "type": "LineString",
        "coordinates": [
          [
            140.73089,
            40.819853
          ],
          [
            140.731031,
            40.819735
          ],
          [
            140.731291,
            40.819504
          ],
          [
            140.731728,
            40.819433
          ],
          [
            140.732046,
            40.819388
          ],
          [
            140.732365,
            40.819332
          ],
          [
            140.732617,
            40.819276
          ],
          [
            140.733025,
            40.81918
          ],
          [
            140.733521,
            40.819102
          ],
          [
            140.734092,
            40.819052
          ],
          [
            140.734707,
            40.81894
          ]
        ]
      }
    },
    {
      "type": "Feature",
      "properties": {
        "名前": "千富金沢線２",
        "ステータス": "作業予定あり（直近の作業日程が予定されているもの）",
        "直近作業予定日": "2月11日 作業予定",
        "指令": "継続指令",
        "更新日時": "2月11日 19:00 現在",
        "最終除雪日": "2月11日",
        "最終除雪日時": "2026-02-11 06:34:15",
        "指令継続": "6日16時間",
        "指令開始日時": "2026-02-05 21:36:30"
      },
      "geometry": {
        "type": "LineString",
        "coordinates": [
          [
            140.731074,
            40.820772
          ],
          [
            140.731808,
            40.820525
          ],
          [
            140.732023,
            40.82048
          ],
          [
            140.7322,
            40.820435
          ],
          [
            140.732445,
            40.820379
          ],
          [
            140.733312,
            40.820121
          ],
          [
            140.733475,
            40.820064
          ],
          [
            140.733609,
            40.819986
          ],
          [
            140.73415,
            40.819553
          ]
        ]
      }
    },
    {
      "type": "Feature",
      "properties": {
        "名前": "千富金沢線２",
        "ステータス": "作業予定あり（直近の作業日程が予定されているもの）",
        "直近作業予定日": "2月11日 作業予定",
        "指令": "継続指令",
        "更新日時": "2月11日 19:00 現在",
        "最終除雪日": "2月11日",
        "最終除雪日時": "2026-02-11 06:34:15",
        "指令継続": "6日16時間",
        "指令開始日時": "2026-02-05 21:36:30"
      },
      "geometry": {
        "type": "LineString",
        "coordinates": [
          [
            140.733558,
            40.819581
          ],
          [
            140.734521,
            40.81948
          ],
          [
            140.734536,
            40.819491
          ],
          [
            140.734825,
            40.819469
          ]
        ]
      }
    },
    {
      "type": "Feature",
      "properties": {
        "名前": "旭町大野線",
        "ステータス": "現場確認中（現場確認中のもの）",
        "直近作業予定日": "-",
        "指令": "－",
        "更新日時": "2月11日 19:00 現在",
        "最終除雪日": "2月11日",
        "最終除雪日時": "2026-02-11 06:34:15"
      },
      "geometry": {
        "type": "LineString",
        "coordinates": [
          [
            140.732718,
            40.812598
          ],
          [
            140.733108,
            40.812657
          ],
          [
            140.733394,
            40.8127
          ],
          [
            140.733678,
            40.812763
          ],
          [
            140.733907,
            40.812837
          ],
          [
            140.734357,
            40.812975
          ]
        ]
      }
    },
    {
      "type": "Feature",
      "properties": {
        "名前": "旭町大野線",
        "ステータス": "現場確認中（現場確認中のもの）",
        "直近作業予定日": "-",
        "指令": "－",
        "更新日時": "2月11日 19:00 現在",
        "最終除雪日": "2月11日",
        "最終除雪日時": "2026-02-11 06:34:15"
      },
      "geometry": {
        "type": "LineString",
        "coordinates": [
          [
            140.735182,
            40.811315
          ],
          [
            140.735461,
            40.811254
          ],
          [
            140.735742,
            40.811248
          ],
          [
            140.735825,
            40.811248
          ],
          [
            140.736694,
            40.811127
          ]
        ]
      }
    },
    {
      "type": "Feature",
      "properties": {
        "名前": "旭町大野線",
        "ステータス": "現場確認中（現場確認中のもの）",
        "直近作業予定日": "-",
        "指令": "－",
        "更新日時": "2月11日 19:00 現在",
        "最終除雪日": "2月11日",
        "最終除雪日時": "2026-02-11 06:34:15"
      },
      "geometry": {
        "type": "LineString",
        "coordinates": [
          [
            140.735467,
            40.815434
          ],
          [
            140.735995,
            40.815808
          ],
          [
            140.736371,
            40.816066
          ],
          [
            140.736498,
            40.816145
          ],
          [
            140.736704,
            40.8162
          ],
          [
            140.736902,
            40.816306
          ],
          [
            140.737414,
            40.816655
          ],
          [
            140.737947,
            40.816982
          ],
          [
            140.738436,
            40.81728
          ]
        ]
      }
    },
    {
      "type": "Feature",
      "properties": {
        "名前": "旭町大野線",
        "ステータス": "現場確認中（現場確認中のもの）",
        "直近作業予定日": "-",
        "指令": "－",
        "更新日時": "2月11日 19:00 現在",
        "最終除雪日": "2月11日",
        "最終除雪日時": "2026-02-11 06:34:15"
      },
      "geometry": {
        "type": "LineString",
        "coordinates": [
          [
            140.733588,
            40.815721
          ],
          [
            140.733281,
            40.814766
          ],
          [
            140.733209,
            40.814625
          ],
          [
            140.732813,
            40.814175
          ],
          [
            140.732629,
            40.813947
          ],
          [
            140.732592,
            40.813746
          ],
          [
            140.732579,
            40.813473
          ],
          [
            140.732604,
            40.813289
          ],
          [
            140.732713,
            40.812594
          ],
          [
            140.732754,
            40.812368
          ],
          [
            140.732353,
            40.812168
          ],
          [
            140.732123,
            40.812059
          ],
          [
            140.732035,
            40.812054
          ],
          [
            140.732098,
            40.810723
          ],
          [
            140.73212,
            40.81004
          ],
          [
            140.731995,
            40.809996
          ],
          [
            140.731518,
            40.810033
          ],
          [
            140.731405,
            40.80998
          ],
          [
            140.731108,
            40.809481
          ],
          [
            140.730871,
            40.809106
          ],
          [
            140.730703,
            40.808729
          ]
        ]
      }
    },
    {
      "type": "Feature",
      "properties": {
        "名前": "旭町大野線",
        "ステータス": "現場確認中（現場確認中のもの）",
        "直近作業予定日": "-",
        "指令": "－",
        "更新日時": "2月11日 19:00 現在",
        "最終除雪日": "2月11日",
        "最終除雪日時": "2026-02-11 06:34:15"
      },
      "geometry": {
        "type": "LineString",
        "coordinates": [
          [
            140.732117,
            40.810053
          ],
          [
            140.732277,
            40.810008
          ],
          [
            140.732525,
            40.809975
          ],
          [
            140.732788,
            40.810001
          ],
          [
            140.733002,
            40.810042
          ],
          [
            140.733476,
            40.810318
          ],
          [
            140.733747,
            40.810468
          ],
          [
            140.734049,
            40.810583
          ],
          [
            140.734262,
            40.81062
          ],
          [
            140.734576,
            40.810698
          ],
          [
            140.73483,
            40.810793
          ],
          [
            140.735199,
            40.810983
          ],
          [
            140.735165,
            40.811142
          ],
          [
            140.735173,
            40.811319
          ],
          [
            140.735129,
            40.811453
          ],
          [
            140.735153,
            40.811585
          ],
          [
            140.735253,
            40.811741
          ],
          [
            140.735263,
            40.811822
          ],
          [
            140.735203,
            40.811911
          ],
          [
            140.735097,
            40.811979
          ],
          [
            140.734907,
            40.812222
          ],
          [
            140.734787,
            40.812328
          ],
          [
            140.734637,
            40.812414
          ],
          [
            140.734563,
            40.812477
          ],
          [
            140.734481,
            40.812654
          ],
          [
            140.734363,
            40.812996
          ],
          [
            140.73433,
            40.813152
          ],
          [
            140.734337,
            40.81338
          ],
          [
            140.73435,
            40.813714
          ],
          [
            140.734471,
            40.814111
          ],
          [
            140.734543,
            40.814187
          ],
          [
            140.734829,
            40.814344
          ],
          [
            140.734893,
            40.814399
          ],
          [
            140.734909,
            40.814572
          ],
          [
            140.734893,
            40.814657
          ],
          [
            140.734969,
            40.814774
          ],
          [
            140.735129,
            40.814928
          ],
          [
            140.735233,
            40.815052
          ],
          [
            140.735335,
            40.815299
          ],
          [
            140.735353,
            40.815343
          ],
          [
            140.735409,
            40.815376
          ]
        ]
      }
    },
    {
      "type": "Feature",
      "properties": {
        "名前": "大野安田線(補）",
        "ステータス": "作業予定あり（直近の作業日程が予定されているもの）",
        "直近作業予定日": "2月11日 作業予定",
        "指令": "継続指令",
        "更新日時": "2月11日 19:00 現在",
        "指令継続": "4時間",
        "指令開始日時": "2026-02-12 09:36:13"
      },
      "geometry": {
        "type": "LineString",
        "coordinates": [
          [
            140.73133,
            40.806458
          ],
          [
            140.731556,
            40.806299
          ],
          [
            140.732176,
            40.805745
          ],
          [
            140.732536,
            40.805513
          ],
          [
            140.73267,
            40.805344
          ],
          [
            140.732768,
            40.805194
          ],
          [
            140.733361,
            40.80485
          ]
        ]
      }
    },
    {
      "type": "Feature",
      "properties": {
        "名前": "大野安田線(補）",
        "ステータス": "作業予定あり（直近の作業日程が予定されているもの）",
        "直近作業予定日": "2月11日 作業予定",
        "指令": "継続指令",
        "更新日時": "2月11日 19:00 現在",
        "指令継続": "4時間",
        "指令開始日時": "2026-02-12 09:36:13"
      },
      "geometry": {
        "type": "LineString",
        "coordinates": [
          [
            140.720966,
            40.805039
          ],
          [
            140.720966,
            40.805273
          ],
          [
            140.720959,
            40.805359
          ],
          [
            140.720882,
            40.805555
          ],
          [
            140.720861,
            40.805665
          ],
          [
            140.720847,
            40.805809
          ],
          [
            140.720833,
            40.805869
          ],
          [
            140.720789,
            40.805985
          ],
          [
            140.720784,
            40.806058
          ],
          [
            140.720793,
            40.8062
          ],
          [
            140.720791,
            40.806225
          ],
          [
            140.720744,
            40.806341
          ],
          [
            140.72063,
            40.806585
          ],
          [
            140.720625,
            40.806651
          ],
          [
            140.720628,
            40.806697
          ],
          [
            140.720634,
            40.806759
          ],
          [
            140.720681,
            40.806965
          ],
          [
            140.720681,
            40.806993
          ],
          [
            140.720676,
            40.807141
          ],
          [
            140.720653,
            40.807476
          ],
          [
            140.720609,
            40.807716
          ],
          [
            140.721083,
            40.808085
          ],
          [
            140.721216,
            40.80818
          ],
          [
            140.721715,
            40.808646
          ],
          [
            140.722026,
            40.808948
          ],
          [
            140.722491,
            40.809399
          ]
        ]
      }
    },
    {
      "type": "Feature",
      "properties": {
        "名前": "大野安田線(補）",
        "ステータス": "作業予定あり（直近の作業日程が予定されているもの）",
        "直近作業予定日": "2月11日 作業予定",
        "指令": "継続指令",
        "更新日時": "2月11日 19:00 現在",
        "指令継続": "4時間",
        "指令開始日時": "2026-02-12 09:36:13"
      },
      "geometry": {
        "type": "LineString",
        "coordinates": [
          [
            140.712947,
            40.80351
          ],
          [
            140.713329,
            40.803466
          ],
          [
            140.714119,
            40.803419
          ],
          [
            140.715284,
            40.803495
          ],
          [
            140.716501,
            40.803593
          ],
          [
            140.716737,
            40.803606
          ],
          [
            140.717609,
            40.803876
          ],
          [
            140.718851,
            40.804309
          ],
          [
            140.720363,
            40.804825
          ],
          [
            140.721595,
            40.805257
          ],
          [
            140.721941,
            40.805359
          ],
          [
            140.723054,
            40.805318
          ],
          [
            140.724136,
            40.805275
          ],
          [
            140.725951,
            40.805298
          ],
          [
            140.72821,
            40.805344
          ],
          [
            140.728828,
            40.805373
          ],
          [
            140.728929,
            40.805503
          ],
          [
            140.729315,
            40.805632
          ],
          [
            140.729635,
            40.805887
          ],
          [
            140.730753,
            40.806263
          ],
          [
            140.731323,
            40.806436
          ],
          [
            140.731356,
            40.806519
          ],
          [
            140.731127,
            40.806788
          ],
          [
            140.730987,
            40.807174
          ],
          [
            140.73092,
            40.807257
          ],
          [
            140.730653,
            40.80746
          ],
          [
            140.730453,
            40.807637
          ],
          [
            140.730441,
            40.80771
          ],
          [
            140.730561,
            40.808209
          ],
          [
            140.730693,
            40.808676
          ]
        ]
      }
    },
    {
      "type": "Feature",
      "properties": {
        "名前": "大野安田線(補）",
        "ステータス": "作業予定あり（直近の作業日程が予定されているもの）",
        "直近作業予定日": "2月11日 作業予定",
        "指令": "継続指令",
        "更新日時": "2月11日 19:00 現在",
        "指令継続": "4時間",
        "指令開始日時": "2026-02-12 09:36:13"
      },
      "geometry": {
        "type": "LineString",
        "coordinates": [
          [
            140.715234,
            40.809834
          ],
          [
            140.715168,
            40.809139
          ],
          [
            140.715078,
            40.80859
          ],
          [
            140.714772,
            40.807913
          ],
          [
            140.714652,
            40.807559
          ],
          [
            140.714612,
            40.807156
          ],
          [
            140.714668,
            40.806501
          ],
          [
            140.714748,
            40.80555
          ],
          [
            140.714768,
            40.80528
          ],
          [
            140.714775,
            40.805118
          ],
          [
            140.714756,
            40.804936
          ],
          [
            140.714702,
            40.804779
          ],
          [
            140.714572,
            40.8046
          ],
          [
            140.714339,
            40.804409
          ],
          [
            140.713836,
            40.804154
          ],
          [
            140.713344,
            40.803864
          ],
          [
            140.712949,
            40.803512
          ],
          [
            140.712677,
            40.803216
          ],
          [
            140.712563,
            40.803122
          ],
          [
            140.712274,
            40.803019
          ],
          [
            140.711578,
            40.802779
          ],
          [
            140.711154,
            40.802647
          ]
        ]
      }
    },
    {
      "type": "Feature",
      "properties": {
        "名前": "安田稲森線",
        "ステータス": "作業予定あり（直近の作業日程が予定されているもの）",
        "直近作業予定日": "2月11日 作業予定",
        "指令": "継続指令",
        "更新日時": "2月11日 19:00 現在",
        "最終除雪日": "2月5日",
        "最終除雪日時": "2026-02-05 06:23:52",
        "指令継続": "4時間",
        "指令開始日時": "2026-02-12 09:36:13"
      },
      "geometry": {
        "type": "LineString",
        "coordinates": [
          [
            140.716513,
            40.803547
          ],
          [
            140.716559,
            40.802849
          ],
          [
            140.716582,
            40.802399
          ],
          [
            140.716516,
            40.8021
          ],
          [
            140.716324,
            40.801661
          ],
          [
            140.716294,
            40.801492
          ],
          [
            140.716434,
            40.798019
          ]
        ]
      }
    },
    {
      "type": "Feature",
      "properties": {
        "名前": "大野地区線（補）",
        "ステータス": "現場確認中（現場確認中のもの）",
        "直近作業予定日": "-",
        "指令": "－",
        "更新日時": "2月11日 19:00 現在"
      },
      "geometry": {
        "type": "LineString",
        "coordinates": [
          [
            140.73195,
            40.803036
          ],
          [
            140.732781,
            40.802046
          ],
          [
            140.740233,
            40.8015
          ]
        ]
      }
    },
    {
      "type": "Feature",
      "properties": {
        "名前": "中央線",
        "ステータス": "現場確認中（現場確認中のもの）",
        "直近作業予定日": "-",
        "指令": "－",
        "更新日時": "2月11日 19:00 現在",
        "最終除雪日": "2月5日",
        "最終除雪日時": "2026-02-05 06:23:52"
      },
      "geometry": {
        "type": "LineString",
        "coordinates": [
          [
            140.74663,
            40.821742
          ],
          [
            140.747474,
            40.821851
          ],
          [
            140.748174,
            40.822036
          ]
        ]
      }
    },
    {
      "type": "Feature",
      "properties": {
        "名前": "中央線",
        "ステータス": "現場確認中（現場確認中のもの）",
        "直近作業予定日": "-",
        "指令": "－",
        "更新日時": "2月11日 19:00 現在",
        "最終除雪日": "2月5日",
        "最終除雪日時": "2026-02-05 06:23:52"
      },
      "geometry": {
        "type": "LineString",
        "coordinates": [
          [
            140.74647,
            40.822954
          ],
          [
            140.746562,
            40.822292
          ],
          [
            140.746634,
            40.821733
          ],
          [
            140.746426,
            40.821712
          ],
          [
            140.746322,
            40.821577
          ]
        ]
      }
    },
    {
      "type": "Feature",
      "properties": {
        "名前": "中央線",
        "ステータス": "現場確認中（現場確認中のもの）",
        "直近作業予定日": "-",
        "指令": "－",
        "更新日時": "2月11日 19:00 現在",
        "最終除雪日": "2月5日",
        "最終除雪日時": "2026-02-05 06:23:52"
      },
      "geometry": {
        "type": "LineString",
        "coordinates": [
          [
            140.74589,
            40.822914
          ],
          [
            140.745922,
            40.822708
          ],
          [
            140.745689,
            40.821757
          ],
          [
            140.745662,
            40.821678
          ]
        ]
      }
    },
    {
      "type": "Feature",
      "properties": {
        "名前": "奥野筒井線",
        "ステータス": "作業予定あり（直近の作業日程が予定されているもの）",
        "直近作業予定日": "2月11日 作業予定",
        "指令": "継続指令",
        "更新日時": "2月11日 19:00 現在",
        "最終除雪日": "2月7日",
        "最終除雪日時": "2026-02-07 06:21:13",
        "指令継続": "4時間",
        "指令開始日時": "2026-02-12 09:36:13"
      },
      "geometry": {
        "type": "LineString",
        "coordinates": [
          [
            140.755159,
            40.806167
          ],
          [
            140.755727,
            40.806315
          ],
          [
            140.756187,
            40.80676
          ],
          [
            140.757028,
            40.80765
          ],
          [
            140.757128,
            40.807717
          ],
          [
            140.757908,
            40.808708
          ],
          [
            140.757928,
            40.808732
          ],
          [
            140.7588,
            40.808929
          ]
        ]
      }
    },
    {
      "type": "Feature",
      "properties": {
        "名前": "奥野筒井線",
        "ステータス": "作業予定あり（直近の作業日程が予定されているもの）",
        "直近作業予定日": "2月11日 作業予定",
        "指令": "継続指令",
        "更新日時": "2月11日 19:00 現在",
        "最終除雪日": "2月7日",
        "最終除雪日時": "2026-02-07 06:21:13",
        "指令継続": "4時間",
        "指令開始日時": "2026-02-12 09:36:13"
      },
      "geometry": {
        "type": "LineString",
        "coordinates": [
          [
            140.754122,
            40.809054
          ],
          [
            140.755443,
            40.809261
          ],
          [
            140.756628,
            40.809452
          ],
          [
            140.757284,
            40.809565
          ],
          [
            140.757568,
            40.809607
          ],
          [
            140.757708,
            40.809386
          ],
          [
            140.758816,
            40.808923
          ],
          [
            140.759381,
            40.808984
          ],
          [
            140.760654,
            40.80844
          ],
          [
            140.761117,
            40.808258
          ],
          [
            140.761226,
            40.808258
          ],
          [
            140.761406,
            40.808389
          ],
          [
            140.761478,
            40.808378
          ],
          [
            140.762039,
            40.80814
          ]
        ]
      }
    },
    {
      "type": "Feature",
      "properties": {
        "名前": "浜田線",
        "ステータス": "作業予定あり（直近の作業日程が予定されているもの）",
        "直近作業予定日": "2月12日 作業予定",
        "指令": "継続指令",
        "更新日時": "2月11日 19:00 現在",
        "最終除雪日": "2月5日",
        "最終除雪日時": "2026-02-05 06:23:52",
        "指令継続": "4時間",
        "指令開始日時": "2026-02-12 09:36:13"
      },
      "geometry": {
        "type": "LineString",
        "coordinates": [
          [
            140.753661,
            40.799723
          ],
          [
            140.753748,
            40.799668
          ],
          [
            140.753748,
            40.799264
          ],
          [
            140.753733,
            40.798941
          ],
          [
            140.753722,
            40.798863
          ],
          [
            140.753594,
            40.798439
          ],
          [
            140.753349,
            40.797527
          ],
          [
            140.753267,
            40.797327
          ],
          [
            140.752993,
            40.796766
          ],
          [
            140.752866,
            40.796436
          ],
          [
            140.752839,
            40.795792
          ]
        ]
      }
    },
    {
      "type": "Feature",
      "properties": {
        "名前": "浜田線",
        "ステータス": "作業予定あり（直近の作業日程が予定されているもの）",
        "直近作業予定日": "2月12日 作業予定",
        "指令": "継続指令",
        "更新日時": "2月11日 19:00 現在",
        "最終除雪日": "2月5日",
        "最終除雪日時": "2026-02-05 06:23:52",
        "指令継続": "4時間",
        "指令開始日時": "2026-02-12 09:36:13"
      },
      "geometry": {
        "type": "LineString",
        "coordinates": [
          [
            140.756196,
            40.802871
          ],
          [
            140.755239,
            40.8027
          ]
        ]
      }
    },
    {
      "type": "Feature",
      "properties": {
        "名前": "浜田線",
        "ステータス": "作業予定あり（直近の作業日程が予定されているもの）",
        "直近作業予定日": "2月12日 作業予定",
        "指令": "継続指令",
        "更新日時": "2月11日 19:00 現在",
        "最終除雪日": "2月5日",
        "最終除雪日時": "2026-02-05 06:23:52",
        "指令継続": "4時間",
        "指令開始日時": "2026-02-12 09:36:13"
      },
      "geometry": {
        "type": "LineString",
        "coordinates": [
          [
            140.741024,
            40.806032
          ],
          [
            140.743471,
            40.805246
          ],
          [
            140.747959,
            40.804886
          ],
          [
            140.754811,
            40.804314
          ],
          [
            140.755263,
            40.802698
          ],
          [
            140.756176,
            40.80023
          ],
          [
            140.756132,
            40.799866
          ]
        ]
      }
    },
    {
      "type": "Feature",
      "properties": {
        "名前": "浜田線",
        "ステータス": "作業予定あり（直近の作業日程が予定されているもの）",
        "直近作業予定日": "2月12日 作業予定",
        "指令": "継続指令",
        "更新日時": "2月11日 19:00 現在",
        "最終除雪日": "2月5日",
        "最終除雪日時": "2026-02-05 06:23:52",
        "指令継続": "4時間",
        "指令開始日時": "2026-02-12 09:36:13"
      },
      "geometry": {
        "type": "LineString",
        "coordinates": [
          [
            140.750562,
            40.805396
          ],
          [
            140.750456,
            40.804676
          ]
        ]
      }
    },
    {
      "type": "Feature",
      "properties": {
        "名前": "浜田豊田線",
        "ステータス": "現場確認中（現場確認中のもの）",
        "直近作業予定日": "-",
        "指令": "－",
        "更新日時": "2月11日 19:00 現在",
        "最終除雪日": "2月11日",
        "最終除雪日時": "2026-02-11 06:34:15"
      },
      "geometry": {
        "type": "LineString",
        "coordinates": [
          [
            140.756161,
            40.803468
          ],
          [
            140.756779,
            40.803506
          ],
          [
            140.756946,
            40.803468
          ],
          [
            140.757215,
            40.803454
          ],
          [
            140.75756,
            40.803486
          ],
          [
            140.758383,
            40.803625
          ],
          [
            140.758873,
            40.803739
          ],
          [
            140.759191,
            40.804006
          ],
          [
            140.759321,
            40.80423
          ],
          [
            140.759529,
            40.804383
          ],
          [
            140.760109,
            40.804629
          ],
          [
            140.760444,
            40.804754
          ],
          [
            140.760538,
            40.80488
          ],
          [
            140.760503,
            40.804961
          ],
          [
            140.760462,
            40.805034
          ],
          [
            140.760634,
            40.805339
          ],
          [
            140.760679,
            40.805581
          ],
          [
            140.760904,
            40.805723
          ],
          [
            140.761134,
            40.805858
          ],
          [
            140.761173,
            40.80592
          ],
          [
            140.761238,
            40.806137
          ],
          [
            140.761248,
            40.806315
          ],
          [
            140.761218,
            40.806563
          ],
          [
            140.761233,
            40.806816
          ],
          [
            140.761277,
            40.807024
          ],
          [
            140.76144,
            40.807238
          ]
        ]
      }
    },
    {
      "type": "Feature",
      "properties": {
        "名前": "浜田豊田線",
        "ステータス": "現場確認中（現場確認中のもの）",
        "直近作業予定日": "-",
        "指令": "－",
        "更新日時": "2月11日 19:00 現在",
        "最終除雪日": "2月11日",
        "最終除雪日時": "2026-02-11 06:34:15"
      },
      "geometry": {
        "type": "LineString",
        "coordinates": [
          [
            140.7613,
            40.806208
          ],
          [
            140.76153,
            40.805854
          ],
          [
            140.761782,
            40.805466
          ],
          [
            140.761909,
            40.805105
          ],
          [
            140.761998,
            40.804903
          ],
          [
            140.762146,
            40.804785
          ]
        ]
      }
    },
    {
      "type": "Feature",
      "properties": {
        "名前": "浜田玉川線",
        "ステータス": "現場確認中（現場確認中のもの）",
        "直近作業予定日": "-",
        "指令": "－",
        "更新日時": "2月11日 19:00 現在",
        "最終除雪日": "2月11日",
        "最終除雪日時": "2026-02-11 06:34:15"
      },
      "geometry": {
        "type": "LineString",
        "coordinates": [
          [
            140.757621,
            40.799797
          ],
          [
            140.758071,
            40.799929
          ],
          [
            140.758394,
            40.800026
          ],
          [
            140.758782,
            40.800089
          ],
          [
            140.759549,
            40.800139
          ],
          [
            140.75994,
            40.800146
          ],
          [
            140.760136,
            40.80019
          ],
          [
            140.76067,
            40.80043
          ],
          [
            140.761368,
            40.800735
          ],
          [
            140.761846,
            40.800963
          ],
          [
            140.762728,
            40.801404
          ],
          [
            140.762933,
            40.8015
          ],
          [
            140.763325,
            40.801545
          ]
        ]
      }
    },
    {
      "type": "Feature",
      "properties": {
        "名前": "浜田玉川線",
        "ステータス": "現場確認中（現場確認中のもの）",
        "直近作業予定日": "-",
        "指令": "－",
        "更新日時": "2月11日 19:00 現在",
        "最終除雪日": "2月11日",
        "最終除雪日時": "2026-02-11 06:34:15"
      },
      "geometry": {
        "type": "LineString",
        "coordinates": [
          [
            140.757956,
            40.798841
          ],
          [
            140.759548,
            40.799168
          ]
        ]
      }
    },
    {
      "type": "Feature",
      "properties": {
        "名前": "浜田玉川線",
        "ステータス": "現場確認中（現場確認中のもの）",
        "直近作業予定日": "-",
        "指令": "－",
        "更新日時": "2月11日 19:00 現在",
        "最終除雪日": "2月11日",
        "最終除雪日時": "2026-02-11 06:34:15"
      },
      "geometry": {
        "type": "LineString",
        "coordinates": [
          [
            140.759245,
            40.800098
          ],
          [
            140.759958,
            40.798083
          ],
          [
            140.759749,
            40.79802
          ],
          [
            140.759457,
            40.798024
          ],
          [
            140.75925,
            40.797962
          ],
          [
            140.758991,
            40.797821
          ],
          [
            140.758887,
            40.797664
          ],
          [
            140.758796,
            40.797541
          ],
          [
            140.758759,
            40.797449
          ],
          [
            140.7585,
            40.797273
          ]
        ]
      }
    },
    {
      "type": "Feature",
      "properties": {
        "名前": "浜田玉川線",
        "ステータス": "現場確認中（現場確認中のもの）",
        "直近作業予定日": "-",
        "指令": "－",
        "更新日時": "2月11日 19:00 現在",
        "最終除雪日": "2月11日",
        "最終除雪日時": "2026-02-11 06:34:15"
      },
      "geometry": {
        "type": "LineString",
        "coordinates": [
          [
            140.759562,
            40.800153
          ],
          [
            140.7595,
            40.800521
          ],
          [
            140.759428,
            40.800818
          ],
          [
            140.75929,
            40.801179
          ],
          [
            140.759139,
            40.801537
          ],
          [
            140.758992,
            40.801706
          ],
          [
            140.759098,
            40.801777
          ],
          [
            140.759272,
            40.801841
          ],
          [
            140.75871,
            40.802999
          ],
          [
            140.758363,
            40.80361
          ]
        ]
      }
    },
    {
      "type": "Feature",
      "properties": {
        "名前": "浜田玉川線",
        "ステータス": "現場確認中（現場確認中のもの）",
        "直近作業予定日": "-",
        "指令": "－",
        "更新日時": "2月11日 19:00 現在",
        "最終除雪日": "2月11日",
        "最終除雪日時": "2026-02-11 06:34:15"
      },
      "geometry": {
        "type": "LineString",
        "coordinates": [
          [
            140.757376,
            40.800283
          ],
          [
            140.757482,
            40.800314
          ],
          [
            140.757691,
            40.800469
          ],
          [
            140.757953,
            40.800696
          ],
          [
            140.758255,
            40.801057
          ],
          [
            140.758512,
            40.801311
          ],
          [
            140.758756,
            40.80153
          ],
          [
            140.758907,
            40.801645
          ],
          [
            140.758978,
            40.801703
          ]
        ]
      }
    },
    {
      "type": "Feature",
      "properties": {
        "名前": "筒井線１",
        "ステータス": "作業予定あり（直近の作業日程が予定されているもの）",
        "直近作業予定日": "2月11日 作業予定",
        "指令": "継続指令",
        "更新日時": "2月11日 19:00 現在",
        "最終除雪日": "2月11日",
        "最終除雪日時": "2026-02-11 06:34:15",
        "指令継続": "4日16時間",
        "指令開始日時": "2026-02-07 21:25:39"
      },
      "geometry": {
        "type": "LineString",
        "coordinates": [
          [
            140.770607,
            40.805523
          ],
          [
            140.770287,
            40.805097
          ],
          [
            140.76897,
            40.804539
          ],
          [
            140.768869,
            40.804501
          ],
          [
            140.767856,
            40.804362
          ],
          [
            140.767629,
            40.804332
          ],
          [
            140.767714,
            40.803945
          ],
          [
            140.76783,
            40.803496
          ],
          [
            140.767968,
            40.802868
          ],
          [
            140.768197,
            40.802715
          ],
          [
            140.768232,
            40.80219
          ],
          [
            140.76826,
            40.801891
          ]
        ]
      }
    },
    {
      "type": "Feature",
      "properties": {
        "名前": "筒井線１",
        "ステータス": "作業予定あり（直近の作業日程が予定されているもの）",
        "直近作業予定日": "2月11日 作業予定",
        "指令": "継続指令",
        "更新日時": "2月11日 19:00 現在",
        "最終除雪日": "2月11日",
        "最終除雪日時": "2026-02-11 06:34:15",
        "指令継続": "4日16時間",
        "指令開始日時": "2026-02-07 21:25:39"
      },
      "geometry": {
        "type": "LineString",
        "coordinates": [
          [
            140.770452,
            40.805345
          ],
          [
            140.770265,
            40.805421
          ],
          [
            140.770366,
            40.805574
          ],
          [
            140.770443,
            40.805543
          ],
          [
            140.770337,
            40.805394
          ]
        ]
      }
    },
    {
      "type": "Feature",
      "properties": {
        "名前": "筒井線２",
        "ステータス": "作業予定あり（直近の作業日程が予定されているもの）",
        "直近作業予定日": "2月11日 作業予定",
        "指令": "継続指令",
        "更新日時": "2月11日 19:00 現在",
        "最終除雪日": "2月11日",
        "最終除雪日時": "2026-02-11 06:34:15",
        "指令継続": "8日17時間",
        "指令開始日時": "2026-02-03 20:35:45"
      },
      "geometry": {
        "type": "LineString",
        "coordinates": [
          [
            140.772099,
            40.808393
          ],
          [
            140.77231,
            40.807994
          ],
          [
            140.772366,
            40.807882
          ],
          [
            140.772932,
            40.807417
          ],
          [
            140.77313,
            40.807248
          ],
          [
            140.7732,
            40.807167
          ],
          [
            140.773361,
            40.806992
          ],
          [
            140.773551,
            40.806849
          ],
          [
            140.773625,
            40.806748
          ],
          [
            140.773664,
            40.80659
          ],
          [
            140.773664,
            40.806475
          ],
          [
            140.773622,
            40.806333
          ],
          [
            140.773512,
            40.806064
          ],
          [
            140.773524,
            40.805841
          ]
        ]
      }
    },
    {
      "type": "Feature",
      "properties": {
        "名前": "筒井線２",
        "ステータス": "作業予定あり（直近の作業日程が予定されているもの）",
        "直近作業予定日": "2月11日 作業予定",
        "指令": "継続指令",
        "更新日時": "2月11日 19:00 現在",
        "最終除雪日": "2月11日",
        "最終除雪日時": "2026-02-11 06:34:15",
        "指令継続": "8日17時間",
        "指令開始日時": "2026-02-03 20:35:45"
      },
      "geometry": {
        "type": "LineString",
        "coordinates": [
          [
            140.773555,
            40.80575
          ],
          [
            140.773559,
            40.805691
          ],
          [
            140.773672,
            40.805702
          ],
          [
            140.773735,
            40.805673
          ],
          [
            140.773869,
            40.805448
          ],
          [
            140.773925,
            40.805355
          ],
          [
            140.774051,
            40.805245
          ],
          [
            140.77421,
            40.805125
          ],
          [
            140.774622,
            40.804678
          ],
          [
            140.774677,
            40.804587
          ],
          [
            140.774697,
            40.804474
          ],
          [
            140.774715,
            40.804172
          ],
          [
            140.774756,
            40.803996
          ],
          [
            140.774924,
            40.803714
          ],
          [
            140.775019,
            40.803587
          ],
          [
            140.775153,
            40.80328
          ]
        ]
      }
    },
    {
      "type": "Feature",
      "properties": {
        "名前": "八ﾂ橋ﾆｭｰﾀｳﾝ線",
        "ステータス": "現場確認中（現場確認中のもの）",
        "直近作業予定日": "-",
        "指令": "－",
        "更新日時": "2月11日 19:00 現在",
        "最終除雪日": "2月11日",
        "最終除雪日時": "2026-02-11 06:34:15"
      },
      "geometry": {
        "type": "LineString",
        "coordinates": [
          [
            140.766105,
            40.802009
          ],
          [
            140.76638,
            40.802037
          ]
        ]
      }
    },
    {
      "type": "Feature",
      "properties": {
        "名前": "八ﾂ橋ﾆｭｰﾀｳﾝ線",
        "ステータス": "現場確認中（現場確認中のもの）",
        "直近作業予定日": "-",
        "指令": "－",
        "更新日時": "2月11日 19:00 現在",
        "最終除雪日": "2月11日",
        "最終除雪日時": "2026-02-11 06:34:15"
      },
      "geometry": {
        "type": "LineString",
        "coordinates": [
          [
            140.765453,
            40.7953
          ],
          [
            140.765446,
            40.796282
          ],
          [
            140.765442,
            40.797066
          ],
          [
            140.765559,
            40.797413
          ],
          [
            140.76578,
            40.798162
          ],
          [
            140.765977,
            40.798911
          ],
          [
            140.766213,
            40.799764
          ],
          [
            140.766293,
            40.801003
          ],
          [
            140.766375,
            40.802022
          ],
          [
            140.766375,
            40.80204
          ],
          [
            140.766814,
            40.802006
          ],
          [
            140.767416,
            40.801939
          ],
          [
            140.767856,
            40.801899
          ],
          [
            140.768295,
            40.801886
          ],
          [
            140.768606,
            40.801821
          ],
          [
            140.768781,
            40.801811
          ],
          [
            140.769781,
            40.801947
          ],
          [
            140.77036,
            40.802113
          ],
          [
            140.770816,
            40.802236
          ],
          [
            140.771382,
            40.802332
          ],
          [
            140.771719,
            40.802429
          ],
          [
            140.772177,
            40.80255
          ],
          [
            140.772363,
            40.802573
          ],
          [
            140.772795,
            40.80265
          ],
          [
            140.773095,
            40.802722
          ],
          [
            140.77395,
            40.802969
          ]
        ]
      }
    },
    {
      "type": "Feature",
      "properties": {
        "名前": "松元台団地線",
        "ステータス": "現場確認中（現場確認中のもの）",
        "直近作業予定日": "-",
        "指令": "－",
        "更新日時": "2月11日 19:00 現在",
        "最終除雪日": "2月7日",
        "最終除雪日時": "2026-02-07 06:21:13"
      },
      "geometry": {
        "type": "LineString",
        "coordinates": [
          [
            140.780037,
            40.784522
          ],
          [
            140.779924,
            40.784669
          ],
          [
            140.779821,
            40.784803
          ],
          [
            140.779734,
            40.784993
          ],
          [
            140.779575,
            40.785265
          ],
          [
            140.779325,
            40.785884
          ],
          [
            140.779262,
            40.786071
          ],
          [
            140.779111,
            40.786397
          ],
          [
            140.779094,
            40.787277
          ],
          [
            140.7791,
            40.788133
          ],
          [
            140.779083,
            40.788427
          ],
          [
            140.778995,
            40.788887
          ],
          [
            140.778974,
            40.789013
          ],
          [
            140.77884,
            40.789494
          ],
          [
            140.778724,
            40.790034
          ],
          [
            140.778728,
            40.79008
          ],
          [
            140.779783,
            40.79022
          ],
          [
            140.780437,
            40.790297
          ],
          [
            140.78093,
            40.790361
          ],
          [
            140.780874,
            40.790647
          ],
          [
            140.780937,
            40.790709
          ],
          [
            140.781359,
            40.79088
          ],
          [
            140.781517,
            40.790995
          ],
          [
            140.78163,
            40.79107
          ],
          [
            140.781893,
            40.791185
          ],
          [
            140.782017,
            40.791243
          ],
          [
            140.782099,
            40.791276
          ],
          [
            140.782432,
            40.791329
          ],
          [
            140.782985,
            40.791378
          ],
          [
            140.783667,
            40.791412
          ],
          [
            140.783892,
            40.791431
          ],
          [
            140.784349,
            40.791572
          ],
          [
            140.784743,
            40.791752
          ]
        ]
      }
    },
    {
      "type": "Feature",
      "properties": {
        "名前": "幸畑団地線",
        "ステータス": "現場確認中（現場確認中のもの）",
        "直近作業予定日": "-",
        "指令": "－",
        "更新日時": "2月11日 19:00 現在",
        "最終除雪日": "2月11日",
        "最終除雪日時": "2026-02-11 06:34:15"
      },
      "geometry": {
        "type": "LineString",
        "coordinates": [
          [
            140.778714,
            40.7841
          ],
          [
            140.778847,
            40.783835
          ],
          [
            140.778882,
            40.783811
          ],
          [
            140.779449,
            40.783372
          ],
          [
            140.78062,
            40.782481
          ],
          [
            140.78106,
            40.782145
          ],
          [
            140.781056,
            40.78123
          ]
        ]
      }
    },
    {
      "type": "Feature",
      "properties": {
        "名前": "幸畑団地線",
        "ステータス": "現場確認中（現場確認中のもの）",
        "直近作業予定日": "-",
        "指令": "－",
        "更新日時": "2月11日 19:00 現在",
        "最終除雪日": "2月11日",
        "最終除雪日時": "2026-02-11 06:34:15"
      },
      "geometry": {
        "type": "LineString",
        "coordinates": [
          [
            140.777408,
            40.78207
          ],
          [
            140.776878,
            40.781629
          ],
          [
            140.776882,
            40.780627
          ],
          [
            140.777063,
            40.780504
          ],
          [
            140.77854,
            40.779848
          ],
          [
            140.779178,
            40.779566
          ],
          [
            140.77959,
            40.779301
          ],
          [
            140.780212,
            40.778821
          ],
          [
            140.78036,
            40.778772
          ],
          [
            140.780538,
            40.778752
          ],
          [
            140.781019,
            40.778752
          ]
        ]
      }
    },
    {
      "type": "Feature",
      "properties": {
        "名前": "幸畑団地線",
        "ステータス": "現場確認中（現場確認中のもの）",
        "直近作業予定日": "-",
        "指令": "－",
        "更新日時": "2月11日 19:00 現在",
        "最終除雪日": "2月11日",
        "最終除雪日時": "2026-02-11 06:34:15"
      },
      "geometry": {
        "type": "LineString",
        "coordinates": [
          [
            140.784006,
            40.77907
          ],
          [
            140.785704,
            40.780175
          ],
          [
            140.786707,
            40.779148
          ],
          [
            140.787974,
            40.777915
          ],
          [
            140.789052,
            40.778549
          ],
          [
            140.789581,
            40.778879
          ],
          [
            140.789749,
            40.778938
          ],
          [
            140.790027,
            40.778979
          ],
          [
            140.790188,
            40.778985
          ],
          [
            140.79037,
            40.77885
          ],
          [
            140.790556,
            40.778722
          ],
          [
            140.790708,
            40.778684
          ],
          [
            140.790819,
            40.778697
          ],
          [
            140.791506,
            40.778938
          ],
          [
            140.792848,
            40.779426
          ],
          [
            140.793103,
            40.779528
          ]
        ]
      }
    },
    {
      "type": "Feature",
      "properties": {
        "名前": "幸畑団地線",
        "ステータス": "現場確認中（現場確認中のもの）",
        "直近作業予定日": "-",
        "指令": "－",
        "更新日時": "2月11日 19:00 現在",
        "最終除雪日": "2月11日",
        "最終除雪日時": "2026-02-11 06:34:15"
      },
      "geometry": {
        "type": "LineString",
        "coordinates": [
          [
            140.778879,
            40.783805
          ],
          [
            140.77839,
            40.783656
          ],
          [
            140.777838,
            40.783064
          ],
          [
            140.777813,
            40.782401
          ],
          [
            140.777482,
            40.782131
          ]
        ]
      }
    },
    {
      "type": "Feature",
      "properties": {
        "名前": "幸畑団地線",
        "ステータス": "現場確認中（現場確認中のもの）",
        "直近作業予定日": "-",
        "指令": "－",
        "更新日時": "2月11日 19:00 現在",
        "最終除雪日": "2月11日",
        "最終除雪日時": "2026-02-11 06:34:15"
      },
      "geometry": {
        "type": "LineString",
        "coordinates": [
          [
            140.785699,
            40.780178
          ],
          [
            140.786274,
            40.780554
          ],
          [
            140.786641,
            40.780366
          ],
          [
            140.787421,
            40.780938
          ],
          [
            140.788412,
            40.781657
          ],
          [
            140.787483,
            40.782488
          ],
          [
            140.787234,
            40.782698
          ],
          [
            140.785909,
            40.783364
          ],
          [
            140.785736,
            40.783618
          ],
          [
            140.785372,
            40.784104
          ],
          [
            140.78463,
            40.784776
          ],
          [
            140.784126,
            40.784864
          ],
          [
            140.783692,
            40.784591
          ]
        ]
      }
    },
    {
      "type": "Feature",
      "properties": {
        "名前": "幸畑団地線",
        "ステータス": "現場確認中（現場確認中のもの）",
        "直近作業予定日": "-",
        "指令": "－",
        "更新日時": "2月11日 19:00 現在",
        "最終除雪日": "2月11日",
        "最終除雪日時": "2026-02-11 06:34:15"
      },
      "geometry": {
        "type": "LineString",
        "coordinates": [
          [
            140.783287,
            40.784836
          ],
          [
            140.782264,
            40.784117
          ],
          [
            140.783366,
            40.782959
          ],
          [
            140.78356,
            40.782827
          ],
          [
            140.7838,
            40.782792
          ],
          [
            140.784348,
            40.782746
          ],
          [
            140.78434,
            40.782749
          ]
        ]
      }
    },
    {
      "type": "Feature",
      "properties": {
        "名前": "幸畑団地線",
        "ステータス": "現場確認中（現場確認中のもの）",
        "直近作業予定日": "-",
        "指令": "－",
        "更新日時": "2月11日 19:00 現在",
        "最終除雪日": "2月11日",
        "最終除雪日時": "2026-02-11 06:34:15"
      },
      "geometry": {
        "type": "LineString",
        "coordinates": [
          [
            140.78105,
            40.78116
          ],
          [
            140.781018,
            40.780114
          ],
          [
            140.781025,
            40.779813
          ],
          [
            140.78265,
            40.779769
          ],
          [
            140.782894,
            40.779759
          ],
          [
            140.783168,
            40.779639
          ],
          [
            140.783464,
            40.779438
          ],
          [
            140.784009,
            40.779072
          ],
          [
            140.785019,
            40.778689
          ],
          [
            140.784959,
            40.77774
          ],
          [
            140.784135,
            40.777842
          ],
          [
            140.783696,
            40.777879
          ],
          [
            140.783034,
            40.777902
          ],
          [
            140.782781,
            40.777946
          ],
          [
            140.782602,
            40.778017
          ],
          [
            140.781694,
            40.778593
          ],
          [
            140.78162,
            40.778633
          ],
          [
            140.781356,
            40.778721
          ],
          [
            140.781279,
            40.778735
          ],
          [
            140.781004,
            40.778759
          ],
          [
            140.781024,
            40.779812
          ]
        ]
      }
    },
    {
      "type": "Feature",
      "properties": {
        "名前": "幸畑団地線",
        "ステータス": "現場確認中（現場確認中のもの）",
        "直近作業予定日": "-",
        "指令": "－",
        "更新日時": "2月11日 19:00 現在",
        "最終除雪日": "2月11日",
        "最終除雪日時": "2026-02-11 06:34:15"
      },
      "geometry": {
        "type": "LineString",
        "coordinates": [
          [
            140.784456,
            40.782749
          ],
          [
            140.784935,
            40.78272
          ],
          [
            140.785264,
            40.782677
          ],
          [
            140.785509,
            40.782602
          ],
          [
            140.785645,
            40.782522
          ],
          [
            140.785971,
            40.782268
          ],
          [
            140.786784,
            40.781528
          ],
          [
            140.787424,
            40.780928
          ]
        ]
      }
    },
    {
      "type": "Feature",
      "properties": {
        "名前": "花園線",
        "ステータス": "現場確認中（現場確認中のもの）",
        "直近作業予定日": "-",
        "指令": "－",
        "更新日時": "2月11日 19:00 現在",
        "最終除雪日": "2月11日",
        "最終除雪日時": "2026-02-11 06:34:15"
      },
      "geometry": {
        "type": "LineString",
        "coordinates": [
          [
            140.776352,
            40.823038
          ],
          [
            140.774878,
            40.822726
          ],
          [
            140.774197,
            40.82258
          ],
          [
            140.772124,
            40.822136
          ],
          [
            140.770884,
            40.821873
          ],
          [
            140.770627,
            40.821843
          ]
        ]
      }
    },
    {
      "type": "Feature",
      "properties": {
        "名前": "浪打佃線",
        "ステータス": "作業予定あり（直近の作業日程が予定されているもの）",
        "直近作業予定日": "2月11日 作業予定",
        "指令": "継続指令",
        "更新日時": "2月11日 19:00 現在",
        "最終除雪日": "2月11日",
        "最終除雪日時": "2026-02-11 06:34:15",
        "指令継続": "6日16時間",
        "指令開始日時": "2026-02-05 21:36:30"
      },
      "geometry": {
        "type": "LineString",
        "coordinates": [
          [
            140.776265,
            40.823329
          ],
          [
            140.777793,
            40.823677
          ],
          [
            140.779933,
            40.824191
          ],
          [
            140.780333,
            40.824267
          ]
        ]
      }
    },
    {
      "type": "Feature",
      "properties": {
        "名前": "浪打佃線",
        "ステータス": "作業予定あり（直近の作業日程が予定されているもの）",
        "直近作業予定日": "2月11日 作業予定",
        "指令": "継続指令",
        "更新日時": "2月11日 19:00 現在",
        "最終除雪日": "2月11日",
        "最終除雪日時": "2026-02-11 06:34:15",
        "指令継続": "6日16時間",
        "指令開始日時": "2026-02-05 21:36:30"
      },
      "geometry": {
        "type": "LineString",
        "coordinates": [
          [
            140.775296,
            40.825975
          ],
          [
            140.775493,
            40.825434
          ],
          [
            140.775901,
            40.824361
          ],
          [
            140.776296,
            40.823241
          ],
          [
            140.776463,
            40.822878
          ],
          [
            140.776841,
            40.821705
          ],
          [
            140.776887,
            40.821572
          ],
          [
            140.777069,
            40.821004
          ],
          [
            140.777307,
            40.82045
          ],
          [
            140.778708,
            40.820669
          ],
          [
            140.778753,
            40.820315
          ],
          [
            140.778629,
            40.820082
          ],
          [
            140.778762,
            40.819612
          ],
          [
            140.778827,
            40.819453
          ],
          [
            140.778923,
            40.819281
          ],
          [
            140.778991,
            40.819125
          ],
          [
            140.779087,
            40.818732
          ],
          [
            140.779208,
            40.818086
          ],
          [
            140.779253,
            40.817852
          ],
          [
            140.779316,
            40.817625
          ],
          [
            140.779389,
            40.817397
          ],
          [
            140.779448,
            40.817267
          ],
          [
            140.779454,
            40.817192
          ],
          [
            140.779446,
            40.817139
          ],
          [
            140.77942,
            40.817068
          ],
          [
            140.779723,
            40.816795
          ],
          [
            140.77977,
            40.816724
          ],
          [
            140.779909,
            40.8164
          ],
          [
            140.780208,
            40.815682
          ],
          [
            140.780242,
            40.815536
          ],
          [
            140.780279,
            40.815377
          ],
          [
            140.780361,
            40.815156
          ],
          [
            140.780517,
            40.814998
          ]
        ]
      }
    },
    {
      "type": "Feature",
      "properties": {
        "名前": "浪打佃線",
        "ステータス": "作業予定あり（直近の作業日程が予定されているもの）",
        "直近作業予定日": "2月11日 作業予定",
        "指令": "継続指令",
        "更新日時": "2月11日 19:00 現在",
        "最終除雪日": "2月11日",
        "最終除雪日時": "2026-02-11 06:34:15",
        "指令継続": "6日16時間",
        "指令開始日時": "2026-02-05 21:36:30"
      },
      "geometry": {
        "type": "LineString",
        "coordinates": [
          [
            140.779192,
            40.818176
          ],
          [
            140.779564,
            40.818125
          ],
          [
            140.779725,
            40.818108
          ],
          [
            140.779853,
            40.818108
          ],
          [
            140.779952,
            40.818112
          ],
          [
            140.780163,
            40.818157
          ],
          [
            140.780313,
            40.818205
          ],
          [
            140.780531,
            40.818284
          ],
          [
            140.7807,
            40.818378
          ],
          [
            140.781511,
            40.818951
          ],
          [
            140.782326,
            40.819517
          ]
        ]
      }
    },
    {
      "type": "Feature",
      "properties": {
        "名前": "浪打佃線",
        "ステータス": "作業予定あり（直近の作業日程が予定されているもの）",
        "直近作業予定日": "2月11日 作業予定",
        "指令": "継続指令",
        "更新日時": "2月11日 19:00 現在",
        "最終除雪日": "2月11日",
        "最終除雪日時": "2026-02-11 06:34:15",
        "指令継続": "6日16時間",
        "指令開始日時": "2026-02-05 21:36:30"
      },
      "geometry": {
        "type": "LineString",
        "coordinates": [
          [
            140.778694,
            40.819822
          ],
          [
            140.779768,
            40.820899
          ],
          [
            140.78025,
            40.821399
          ],
          [
            140.781069,
            40.822245
          ]
        ]
      }
    },
    {
      "type": "Feature",
      "properties": {
        "名前": "松森福田線１",
        "ステータス": "作業日程調整中（作業日程を調整中のもの）",
        "直近作業予定日": "調整中",
        "指令": "新規指令",
        "更新日時": "2月11日 19:00 現在",
        "指令継続": "4時間",
        "指令開始日時": "2026-02-12 09:36:13"
      },
      "geometry": {
        "type": "LineString",
        "coordinates": [
          [
            140.773605,
            40.818365
          ],
          [
            140.773229,
            40.817687
          ],
          [
            140.772907,
            40.817108
          ],
          [
            140.77259,
            40.816524
          ],
          [
            140.772464,
            40.816295
          ],
          [
            140.772054,
            40.815617
          ]
        ]
      }
    },
    {
      "type": "Feature",
      "properties": {
        "名前": "松森福田線２",
        "ステータス": "現場確認中（現場確認中のもの）",
        "直近作業予定日": "-",
        "指令": "－",
        "更新日時": "2月11日 19:00 現在",
        "最終除雪日": "2月7日",
        "最終除雪日時": "2026-02-07 06:21:13"
      },
      "geometry": {
        "type": "LineString",
        "coordinates": [
          [
            140.773774,
            40.818683
          ],
          [
            140.774065,
            40.819214
          ],
          [
            140.774322,
            40.819683
          ],
          [
            140.774822,
            40.820598
          ],
          [
            140.775358,
            40.82157
          ],
          [
            140.77561,
            40.822025
          ],
          [
            140.775988,
            40.822681
          ],
          [
            140.776135,
            40.822973
          ]
        ]
      }
    },
    {
      "type": "Feature",
      "properties": {
        "名前": "浪打線",
        "ステータス": "現場確認中（現場確認中のもの）",
        "直近作業予定日": "-",
        "指令": "－",
        "更新日時": "2月11日 19:00 現在",
        "最終除雪日": "2月5日",
        "最終除雪日時": "2026-02-05 06:23:52"
      },
      "geometry": {
        "type": "LineString",
        "coordinates": [
          [
            140.780046,
            40.825255
          ],
          [
            140.78107,
            40.825481
          ],
          [
            140.782324,
            40.825758
          ],
          [
            140.783196,
            40.825951
          ]
        ]
      }
    },
    {
      "type": "Feature",
      "properties": {
        "名前": "松森佃線",
        "ステータス": "現場確認中（現場確認中のもの）",
        "直近作業予定日": "-",
        "指令": "－",
        "更新日時": "2月11日 19:00 現在",
        "最終除雪日": "2月11日",
        "最終除雪日時": "2026-02-11 06:34:15"
      },
      "geometry": {
        "type": "LineString",
        "coordinates": [
          [
            140.784145,
            40.822857
          ],
          [
            140.784458,
            40.823244
          ],
          [
            140.784283,
            40.823552
          ]
        ]
      }
    },
    {
      "type": "Feature",
      "properties": {
        "名前": "松森佃線",
        "ステータス": "現場確認中（現場確認中のもの）",
        "直近作業予定日": "-",
        "指令": "－",
        "更新日時": "2月11日 19:00 現在",
        "最終除雪日": "2月11日",
        "最終除雪日時": "2026-02-11 06:34:15"
      },
      "geometry": {
        "type": "LineString",
        "coordinates": [
          [
            140.781189,
            40.82237
          ],
          [
            140.781414,
            40.822587
          ],
          [
            140.7816,
            40.822771
          ],
          [
            140.781748,
            40.822911
          ],
          [
            140.78203,
            40.823057
          ],
          [
            140.782284,
            40.823154
          ],
          [
            140.782454,
            40.823196
          ],
          [
            140.782745,
            40.823226
          ],
          [
            140.782985,
            40.823231
          ],
          [
            140.783205,
            40.823215
          ],
          [
            140.783474,
            40.823156
          ],
          [
            140.783702,
            40.823081
          ],
          [
            140.783849,
            40.823025
          ],
          [
            140.784095,
            40.8229
          ],
          [
            140.78423,
            40.822782
          ],
          [
            140.784295,
            40.822725
          ],
          [
            140.784428,
            40.822583
          ],
          [
            140.784548,
            40.822403
          ],
          [
            140.784606,
            40.82227
          ],
          [
            140.784631,
            40.822135
          ],
          [
            140.784645,
            40.822017
          ],
          [
            140.784651,
            40.821953
          ],
          [
            140.784621,
            40.821663
          ],
          [
            140.784543,
            40.82147
          ],
          [
            140.7844,
            40.821199
          ],
          [
            140.784465,
            40.821077
          ],
          [
            140.784205,
            40.820886
          ],
          [
            140.783604,
            40.820453
          ],
          [
            140.783066,
            40.820069
          ],
          [
            140.782468,
            40.819624
          ]
        ]
      }
    },
    {
      "type": "Feature",
      "properties": {
        "名前": "南佃線",
        "ステータス": "現場確認中（現場確認中のもの）",
        "直近作業予定日": "-",
        "指令": "－",
        "更新日時": "2月11日 19:00 現在",
        "最終除雪日": "2月7日",
        "最終除雪日時": "2026-02-07 06:21:13"
      },
      "geometry": {
        "type": "LineString",
        "coordinates": [
          [
            140.780638,
            40.814898
          ],
          [
            140.783208,
            40.812677
          ]
        ]
      }
    },
    {
      "type": "Feature",
      "properties": {
        "名前": "南佃線",
        "ステータス": "現場確認中（現場確認中のもの）",
        "直近作業予定日": "-",
        "指令": "－",
        "更新日時": "2月11日 19:00 現在",
        "最終除雪日": "2月7日",
        "最終除雪日時": "2026-02-07 06:21:13"
      },
      "geometry": {
        "type": "LineString",
        "coordinates": [
          [
            140.789392,
            40.814059
          ],
          [
            140.788355,
            40.813811
          ],
          [
            140.78803,
            40.813784
          ],
          [
            140.787711,
            40.813781
          ],
          [
            140.787422,
            40.813747
          ],
          [
            140.786471,
            40.813573
          ],
          [
            140.78586,
            40.813468
          ],
          [
            140.784985,
            40.813299
          ],
          [
            140.784302,
            40.813181
          ],
          [
            140.784059,
            40.813063
          ],
          [
            140.783505,
            40.812795
          ],
          [
            140.782996,
            40.812537
          ],
          [
            140.781714,
            40.811837
          ],
          [
            140.780867,
            40.811368
          ],
          [
            140.780811,
            40.811333
          ],
          [
            140.780818,
            40.811287
          ],
          [
            140.781187,
            40.810909
          ],
          [
            140.781192,
            40.810877
          ],
          [
            140.781166,
            40.810827
          ],
          [
            140.781084,
            40.810791
          ],
          [
            140.781017,
            40.810773
          ],
          [
            140.779791,
            40.810692
          ],
          [
            140.778932,
            40.810631
          ],
          [
            140.77879,
            40.810883
          ],
          [
            140.778695,
            40.811016
          ],
          [
            140.778612,
            40.811111
          ],
          [
            140.77854,
            40.811176
          ]
        ]
      }
    },
    {
      "type": "Feature",
      "properties": {
        "名前": "岡造道線",
        "ステータス": "現場確認中（現場確認中のもの）",
        "直近作業予定日": "-",
        "指令": "－",
        "更新日時": "2月11日 19:00 現在",
        "お知らせ": "工区作業完了後、着手予定"
      },
      "geometry": {
        "type": "LineString",
        "coordinates": [
          [
            140.784288,
            40.823553
          ],
          [
            140.784388,
            40.823606
          ],
          [
            140.784335,
            40.823744
          ],
          [
            140.784255,
            40.823893
          ],
          [
            140.785488,
            40.824179
          ],
          [
            140.786445,
            40.824402
          ],
          [
            140.786337,
            40.82479
          ],
          [
            140.786258,
            40.825028
          ],
          [
            140.786213,
            40.825159
          ],
          [
            140.786063,
            40.82534
          ],
          [
            140.785945,
            40.825968
          ]
        ]
      }
    },
    {
      "type": "Feature",
      "properties": {
        "名前": "岡造道線",
        "ステータス": "現場確認中（現場確認中のもの）",
        "直近作業予定日": "-",
        "指令": "－",
        "更新日時": "2月11日 19:00 現在",
        "お知らせ": "工区作業完了後、着手予定"
      },
      "geometry": {
        "type": "LineString",
        "coordinates": [
          [
            140.78503,
            40.826614
          ],
          [
            140.784552,
            40.82648
          ],
          [
            140.784154,
            40.826344
          ],
          [
            140.783786,
            40.826228
          ],
          [
            140.783728,
            40.826178
          ],
          [
            140.783213,
            40.825959
          ]
        ]
      }
    },
    {
      "type": "Feature",
      "properties": {
        "名前": "小柳袰懸線",
        "ステータス": "現場確認中（現場確認中のもの）",
        "直近作業予定日": "-",
        "指令": "－",
        "更新日時": "2月11日 19:00 現在",
        "最終除雪日": "2月11日",
        "最終除雪日時": "2026-02-11 06:34:15"
      },
      "geometry": {
        "type": "LineString",
        "coordinates": [
          [
            140.788841,
            40.82399
          ],
          [
            140.788128,
            40.823644
          ],
          [
            140.788105,
            40.823626
          ],
          [
            140.788148,
            40.823366
          ],
          [
            140.788202,
            40.823068
          ],
          [
            140.788239,
            40.822876
          ],
          [
            140.787433,
            40.82278
          ],
          [
            140.785845,
            40.822596
          ],
          [
            140.786016,
            40.821702
          ],
          [
            140.786182,
            40.82086
          ],
          [
            140.786312,
            40.820245
          ],
          [
            140.786779,
            40.819522
          ],
          [
            140.787256,
            40.818791
          ],
          [
            140.787849,
            40.817873
          ],
          [
            140.788189,
            40.817396
          ]
        ]
      }
    },
    {
      "type": "Feature",
      "properties": {
        "名前": "袰懸団地線",
        "ステータス": "現場確認中（現場確認中のもの）",
        "直近作業予定日": "-",
        "指令": "－",
        "更新日時": "2月11日 19:00 現在"
      },
      "geometry": {
        "type": "LineString",
        "coordinates": [
          [
            140.789382,
            40.814058
          ],
          [
            140.789619,
            40.814104
          ],
          [
            140.789989,
            40.814239
          ],
          [
            140.790448,
            40.81447
          ],
          [
            140.790833,
            40.814678
          ],
          [
            140.791255,
            40.814892
          ],
          [
            140.791396,
            40.814988
          ],
          [
            140.791411,
            40.815067
          ],
          [
            140.791418,
            40.815095
          ],
          [
            140.791611,
            40.815185
          ],
          [
            140.791863,
            40.815247
          ],
          [
            140.792055,
            40.815332
          ],
          [
            140.793944,
            40.816351
          ]
        ]
      }
    },
    {
      "type": "Feature",
      "properties": {
        "名前": "袰懸団地線",
        "ステータス": "現場確認中（現場確認中のもの）",
        "直近作業予定日": "-",
        "指令": "－",
        "更新日時": "2月11日 19:00 現在"
      },
      "geometry": {
        "type": "LineString",
        "coordinates": [
          [
            140.788253,
            40.817311
          ],
          [
            140.788468,
            40.817081
          ],
          [
            140.788898,
            40.816608
          ],
          [
            140.789528,
            40.81604
          ],
          [
            140.789699,
            40.815849
          ],
          [
            140.790641,
            40.814605
          ]
        ]
      }
    },
    {
      "type": "Feature",
      "properties": {
        "名前": "鴨泊団地線",
        "ステータス": "現場確認中（現場確認中のもの）",
        "直近作業予定日": "-",
        "指令": "－",
        "更新日時": "2月11日 19:00 現在",
        "最終除雪日": "2月11日",
        "最終除雪日時": "2026-02-11 06:34:15"
      },
      "geometry": {
        "type": "LineString",
        "coordinates": [
          [
            140.791662,
            40.827611
          ],
          [
            140.791876,
            40.827298
          ],
          [
            140.792092,
            40.826779
          ],
          [
            140.792354,
            40.826215
          ],
          [
            140.792634,
            40.825859
          ],
          [
            140.79297,
            40.825413
          ],
          [
            140.793264,
            40.825016
          ],
          [
            140.793908,
            40.824158
          ],
          [
            140.793795,
            40.824085
          ],
          [
            140.793567,
            40.823997
          ],
          [
            140.793063,
            40.823796
          ],
          [
            140.792758,
            40.823658
          ],
          [
            140.792758,
            40.82366
          ]
        ]
      }
    },
    {
      "type": "Feature",
      "properties": {
        "名前": "鴨泊団地線",
        "ステータス": "現場確認中（現場確認中のもの）",
        "直近作業予定日": "-",
        "指令": "－",
        "更新日時": "2月11日 19:00 現在",
        "最終除雪日": "2月11日",
        "最終除雪日時": "2026-02-11 06:34:15"
      },
      "geometry": {
        "type": "LineString",
        "coordinates": [
          [
            140.792823,
            40.823691
          ],
          [
            140.79319,
            40.823049
          ],
          [
            140.79347,
            40.822547
          ],
          [
            140.79306,
            40.822408
          ],
          [
            140.791744,
            40.821935
          ]
        ]
      }
    },
    {
      "type": "Feature",
      "properties": {
        "名前": "鴨泊団地線",
        "ステータス": "現場確認中（現場確認中のもの）",
        "直近作業予定日": "-",
        "指令": "－",
        "更新日時": "2月11日 19:00 現在",
        "最終除雪日": "2月11日",
        "最終除雪日時": "2026-02-11 06:34:15"
      },
      "geometry": {
        "type": "LineString",
        "coordinates": [
          [
            140.793902,
            40.824156
          ],
          [
            140.793984,
            40.824113
          ]
        ]
      }
    },
    {
      "type": "Feature",
      "properties": {
        "名前": "小柳線",
        "ステータス": "現場確認中（現場確認中のもの）",
        "直近作業予定日": "-",
        "指令": "－",
        "更新日時": "2月11日 19:00 現在",
        "最終除雪日": "2月7日",
        "最終除雪日時": "2026-02-07 06:21:13"
      },
      "geometry": {
        "type": "LineString",
        "coordinates": [
          [
            140.79495,
            40.826987
          ],
          [
            140.795004,
            40.826632
          ],
          [
            140.79506,
            40.82643
          ],
          [
            140.795145,
            40.826281
          ],
          [
            140.795425,
            40.825981
          ],
          [
            140.795921,
            40.825428
          ],
          [
            140.7963,
            40.824913
          ],
          [
            140.797037,
            40.824001
          ],
          [
            140.797416,
            40.823535
          ],
          [
            140.797665,
            40.823266
          ],
          [
            140.797936,
            40.822631
          ],
          [
            140.798085,
            40.822253
          ]
        ]
      }
    },
    {
      "type": "Feature",
      "properties": {
        "名前": "東造道線",
        "ステータス": "作業日程調整中（作業日程を調整中のもの）",
        "直近作業予定日": "調整中",
        "指令": "継続指令",
        "更新日時": "2月11日 19:00 現在",
        "指令継続": "4時間",
        "指令開始日時": "2026-02-12 09:36:13"
      },
      "geometry": {
        "type": "LineString",
        "coordinates": [
          [
            140.794239,
            40.828177
          ],
          [
            140.794441,
            40.828252
          ],
          [
            140.795185,
            40.828576
          ],
          [
            140.795382,
            40.828635
          ],
          [
            140.795559,
            40.828692
          ],
          [
            140.795896,
            40.82878
          ],
          [
            140.796052,
            40.828826
          ],
          [
            140.796181,
            40.828901
          ],
          [
            140.79627,
            40.82898
          ],
          [
            140.796338,
            40.829084
          ],
          [
            140.796407,
            40.82913
          ],
          [
            140.796626,
            40.829187
          ],
          [
            140.796799,
            40.829236
          ],
          [
            140.796961,
            40.8293
          ],
          [
            140.797172,
            40.829429
          ],
          [
            140.797468,
            40.829645
          ],
          [
            140.798141,
            40.829906
          ],
          [
            140.798154,
            40.829911
          ],
          [
            140.798454,
            40.829118
          ],
          [
            140.798466,
            40.829072
          ]
        ]
      }
    },
    {
      "type": "Feature",
      "properties": {
        "名前": "八重田線",
        "ステータス": "現場確認中（現場確認中のもの）",
        "直近作業予定日": "-",
        "指令": "－",
        "更新日時": "2月11日 19:00 現在",
        "最終除雪日": "2月11日",
        "最終除雪日時": "2026-02-11 06:34:15"
      },
      "geometry": {
        "type": "LineString",
        "coordinates": [
          [
            140.799326,
            40.826727
          ],
          [
            140.799083,
            40.826995
          ],
          [
            140.799061,
            40.827112
          ],
          [
            140.798977,
            40.827441
          ],
          [
            140.79876,
            40.82817
          ],
          [
            140.798562,
            40.828821
          ],
          [
            140.798537,
            40.828919
          ],
          [
            140.798537,
            40.828921
          ],
          [
            140.798541,
            40.828924
          ],
          [
            140.799551,
            40.828958
          ],
          [
            140.800163,
            40.82898
          ],
          [
            140.800152,
            40.830006
          ],
          [
            140.800636,
            40.830033
          ],
          [
            140.799724,
            40.830882
          ],
          [
            140.799413,
            40.831261
          ],
          [
            140.799129,
            40.831502
          ],
          [
            140.798517,
            40.831989
          ],
          [
            140.798274,
            40.832212
          ],
          [
            140.797711,
            40.832834
          ],
          [
            140.797378,
            40.833229
          ],
          [
            140.796948,
            40.833955
          ],
          [
            140.796632,
            40.834357
          ],
          [
            140.795839,
            40.835237
          ]
        ]
      }
    },
    {
      "type": "Feature",
      "properties": {
        "名前": "八重田線",
        "ステータス": "現場確認中（現場確認中のもの）",
        "直近作業予定日": "-",
        "指令": "－",
        "更新日時": "2月11日 19:00 現在",
        "最終除雪日": "2月11日",
        "最終除雪日時": "2026-02-11 06:34:15"
      },
      "geometry": {
        "type": "LineString",
        "coordinates": [
          [
            140.800154,
            40.828983
          ],
          [
            140.801373,
            40.829033
          ],
          [
            140.80229,
            40.829078
          ],
          [
            140.803036,
            40.8291
          ],
          [
            140.804011,
            40.829133
          ],
          [
            140.803976,
            40.829453
          ],
          [
            140.803552,
            40.830131
          ],
          [
            140.80342,
            40.830438
          ],
          [
            140.803364,
            40.830519
          ],
          [
            140.802664,
            40.831231
          ],
          [
            140.80209,
            40.831804
          ],
          [
            140.80177,
            40.832114
          ],
          [
            140.801633,
            40.832076
          ],
          [
            140.800941,
            40.832688
          ],
          [
            140.800733,
            40.832955
          ],
          [
            140.800608,
            40.833168
          ],
          [
            140.800586,
            40.833233
          ],
          [
            140.800564,
            40.83332
          ]
        ]
      }
    },
    {
      "type": "Feature",
      "properties": {
        "名前": "八重田線",
        "ステータス": "現場確認中（現場確認中のもの）",
        "直近作業予定日": "-",
        "指令": "－",
        "更新日時": "2月11日 19:00 現在",
        "最終除雪日": "2月11日",
        "最終除雪日時": "2026-02-11 06:34:15"
      },
      "geometry": {
        "type": "LineString",
        "coordinates": [
          [
            140.798535,
            40.828928
          ],
          [
            140.798472,
            40.829068
          ]
        ]
      }
    },
    {
      "type": "Feature",
      "properties": {
        "名前": "原別線",
        "ステータス": "現場確認中（現場確認中のもの）",
        "直近作業予定日": "-",
        "指令": "－",
        "更新日時": "2月11日 19:00 現在",
        "最終除雪日": "2月7日",
        "最終除雪日時": "2026-02-07 06:21:13"
      },
      "geometry": {
        "type": "LineString",
        "coordinates": [
          [
            140.797161,
            40.833594
          ],
          [
            140.797928,
            40.833649
          ],
          [
            140.798102,
            40.83365
          ],
          [
            140.79854,
            40.833621
          ],
          [
            140.798717,
            40.833603
          ],
          [
            140.799034,
            40.833506
          ],
          [
            140.799144,
            40.833485
          ],
          [
            140.799617,
            40.833506
          ],
          [
            140.799819,
            40.83351
          ],
          [
            140.800221,
            40.833508
          ],
          [
            140.800363,
            40.833508
          ],
          [
            140.800417,
            40.833465
          ],
          [
            140.800588,
            40.83334
          ],
          [
            140.800826,
            40.833377
          ],
          [
            140.802275,
            40.833662
          ],
          [
            140.802565,
            40.833707
          ],
          [
            140.802784,
            40.833787
          ],
          [
            140.803001,
            40.833941
          ],
          [
            140.803635,
            40.834509
          ],
          [
            140.803841,
            40.834534
          ],
          [
            140.80391,
            40.834522
          ],
          [
            140.804301,
            40.834284
          ],
          [
            140.804404,
            40.834216
          ],
          [
            140.804771,
            40.834044
          ],
          [
            140.805148,
            40.833903
          ],
          [
            140.80587,
            40.833631
          ],
          [
            140.806014,
            40.833574
          ],
          [
            140.806196,
            40.833535
          ],
          [
            140.806426,
            40.833513
          ],
          [
            140.806586,
            40.833537
          ],
          [
            140.806823,
            40.833615
          ],
          [
            140.807017,
            40.833753
          ],
          [
            140.807163,
            40.834105
          ],
          [
            140.807556,
            40.834894
          ],
          [
            140.807462,
            40.835101
          ],
          [
            140.807128,
            40.835198
          ],
          [
            140.807047,
            40.835251
          ],
          [
            140.806811,
            40.835562
          ],
          [
            140.806673,
            40.835752
          ],
          [
            140.806411,
            40.835941
          ],
          [
            140.805966,
            40.836241
          ],
          [
            140.805661,
            40.836404
          ],
          [
            140.805218,
            40.836769
          ]
        ]
      }
    },
    {
      "type": "Feature",
      "properties": {
        "名前": "小柳団地線",
        "ステータス": "現場確認中（現場確認中のもの）",
        "直近作業予定日": "-",
        "指令": "－",
        "更新日時": "2月11日 19:00 現在"
      },
      "geometry": {
        "type": "LineString",
        "coordinates": [
          [
            140.796793,
            40.817762
          ],
          [
            140.796233,
            40.817482
          ]
        ]
      }
    },
    {
      "type": "Feature",
      "properties": {
        "名前": "小柳団地線",
        "ステータス": "現場確認中（現場確認中のもの）",
        "直近作業予定日": "-",
        "指令": "－",
        "更新日時": "2月11日 19:00 現在"
      },
      "geometry": {
        "type": "LineString",
        "coordinates": [
          [
            140.796389,
            40.820562
          ],
          [
            140.797688,
            40.818714
          ],
          [
            140.797928,
            40.818377
          ],
          [
            140.796799,
            40.817762
          ],
          [
            140.795355,
            40.819756
          ]
        ]
      }
    }
  ]
}